1,Expense Payment,3313.86,264,838
2,Liability Settlement,22249.79,333,233
3,Asset Purchase,43484.45,80,782
4,Asset Purchase,26895.83,15,53
5,Liability Settlement,32362.34,291,527
6,Expense Payment,3410.18,65,371
7,Asset Purchase,27213.92,25,242
8,Expense Payment,2028.08,80,121
9,Liability Settlement,73070.21,246,556
10,Liability Settlement,81361.53,198,902
11,Expense Payment,3241.75,203,150
12,Asset Purchase,17223.17,22,589
13,Expense Payment,2656.91,231,794
14,Expense Payment,1443.27,331,446
15,Liability Settlement,40015.73,247,289
16,Liability Settlement,42961.62,88,357
17,Liability Settlement,95795.16,317,400
18,Liability Settlement,66012.29,308,222
19,Expense Payment,302.03,265,850
20,Asset Purchase,47775.87,54,430
21,Expense Payment,1348.85,335,322
22,Asset Purchase,29950.74,108,51
23,Liability Settlement,90471.87,80,645
24,Asset Purchase,18990.77,57,882
25,Liability Settlement,23683.04,344,484
26,Expense Payment,2280.56,60,514
27,Liability Settlement,92493.35,174,259
28,Liability Settlement,3259.17,288,964
29,Expense Payment,3573.21,185,118
30,Expense Payment,2369.68,4,533
31,Expense Payment,3270.73,120,305
32,Asset Purchase,24404.03,90,591
33,Expense Payment,4014.55,120,843
34,Expense Payment,3673.72,55,608
35,Expense Payment,1162.56,103,237
36,Liability Settlement,58086.07,76,303
37,Expense Payment,1107.98,307,51
38,Liability Settlement,71693.28,313,855
39,Liability Settlement,93379.07,166,327
40,Asset Purchase,5018.48,56,465
41,Liability Settlement,69128.38,263,484
42,Liability Settlement,81795.79,254,15
43,Liability Settlement,95001.6,295,503
44,Expense Payment,3379.45,252,501
45,Asset Purchase,25868.59,20,967
46,Asset Purchase,22844.07,93,161
47,Liability Settlement,55652.24,194,727
48,Expense Payment,3154.78,335,972
49,Expense Payment,4593.07,235,730
50,Liability Settlement,56370.55,270,854
51,Expense Payment,2915.56,25,262
52,Liability Settlement,33181.52,181,981
53,Expense Payment,3721.2,160,872
54,Expense Payment,2495.53,181,2
55,Liability Settlement,72051.59,286,330
56,Expense Payment,2341.5,87,577
57,Liability Settlement,27663.21,79,588
58,Liability Settlement,46521.41,125,790
59,Asset Purchase,23999.45,50,87
60,Expense Payment,1543.69,100,221
61,Expense Payment,1226.9,197,192
62,Liability Settlement,45201.87,212,508
63,Expense Payment,3527.08,334,201
64,Liability Settlement,37641.89,312,472
65,Liability Settlement,15019.0,98,5
66,Liability Settlement,82427.66,131,919
67,Asset Purchase,18766.61,113,289
68,Liability Settlement,36320.15,76,324
69,Liability Settlement,56637.85,324,613
70,Expense Payment,1273.74,148,284
71,Asset Purchase,41242.29,34,649
72,Liability Settlement,27935.73,18,684
73,Asset Purchase,42831.07,112,273
74,Asset Purchase,48387.67,72,526
75,Expense Payment,4698.95,91,489
76,Expense Payment,913.51,283,903
77,Liability Settlement,9246.93,289,295
78,Asset Purchase,9073.84,10,105
79,Asset Purchase,5238.52,33,933
80,Liability Settlement,65802.17,132,866
81,Liability Settlement,24798.99,219,778
82,Asset Purchase,38723.28,101,688
83,Asset Purchase,27317.45,55,8
84,Liability Settlement,53654.23,267,877
85,Asset Purchase,3183.43,138,730
86,Expense Payment,2441.33,119,622
87,Asset Purchase,19556.83,123,337
88,Asset Purchase,36164.38,100,398
89,Liability Settlement,54150.0,344,459
90,Expense Payment,531.51,92,918
91,Expense Payment,850.94,104,283
92,Expense Payment,1711.72,333,650
93,Liability Settlement,94164.66,227,343
94,Asset Purchase,48748.89,122,885
95,Liability Settlement,18837.57,109,257
96,Liability Settlement,66692.75,283,225
97,Liability Settlement,85940.84,249,934
98,Liability Settlement,31398.66,182,928
99,Asset Purchase,2478.0,95,330
100,Expense Payment,3852.42,155,365
101,Asset Purchase,14740.99,12,901
102,Liability Settlement,81023.19,223,304
103,Asset Purchase,18633.5,75,222
104,Expense Payment,3542.76,284,58
105,Expense Payment,2154.33,258,273
106,Liability Settlement,22801.09,206,212
107,Asset Purchase,49193.42,109,598
108,Liability Settlement,56258.95,232,791
109,Asset Purchase,44690.47,95,138
110,Expense Payment,2711.04,337,762
111,Expense Payment,1761.07,95,963
112,Liability Settlement,74375.32,128,312
113,Liability Settlement,11080.95,248,464
114,Liability Settlement,10139.19,307,590
115,Asset Purchase,45247.88,10,562
116,Expense Payment,3189.43,273,20
117,Liability Settlement,61932.86,252,267
118,Liability Settlement,7050.38,54,26
119,Expense Payment,51.87,52,641
120,Expense Payment,3017.87,350,207
121,Liability Settlement,89431.39,2,478
122,Liability Settlement,41548.6,283,834
123,Expense Payment,4902.57,182,179
124,Liability Settlement,8463.15,115,254
125,Asset Purchase,21884.49,7,752
126,Liability Settlement,83496.49,87,774
127,Expense Payment,2478.38,301,136
128,Asset Purchase,36023.51,46,536
129,Liability Settlement,57815.98,125,961
130,Liability Settlement,76215.27,44,261
131,Expense Payment,3760.13,32,835
132,Asset Purchase,27399.66,27,233
133,Liability Settlement,5287.7,308,685
134,Liability Settlement,22614.01,121,997
135,Asset Purchase,16379.99,5,249
136,Expense Payment,1950.11,260,437
137,Asset Purchase,39234.03,25,515
138,Liability Settlement,58179.89,299,505
139,Expense Payment,212.5,239,314
140,Expense Payment,2166.51,265,436
141,Expense Payment,3769.84,164,362
142,Expense Payment,2089.73,40,30
143,Liability Settlement,23055.01,147,201
144,Asset Purchase,1864.95,59,860
145,Liability Settlement,28117.45,268,970
146,Asset Purchase,11519.08,47,504
147,Asset Purchase,14459.31,89,398
148,Asset Purchase,1902.92,43,710
149,Liability Settlement,15014.4,185,859
150,Expense Payment,4634.51,229,488
151,Liability Settlement,38668.77,190,412
152,Expense Payment,4933.88,177,900
153,Asset Purchase,41611.11,28,317
154,Liability Settlement,52539.79,246,612
155,Expense Payment,2740.16,103,373
156,Expense Payment,2946.97,285,77
157,Asset Purchase,14208.84,64,32
158,Asset Purchase,24413.73,98,149
159,Liability Settlement,62303.93,26,118
160,Expense Payment,4437.62,121,830
161,Liability Settlement,26134.81,135,474
162,Asset Purchase,17799.44,113,40
163,Asset Purchase,33115.19,131,594
164,Liability Settlement,34776.49,164,94
165,Liability Settlement,78513.45,154,116
166,Liability Settlement,23118.38,268,381
167,Asset Purchase,27568.07,24,832
168,Expense Payment,4328.63,28,707
169,Asset Purchase,3578.21,26,199
170,Asset Purchase,4872.34,112,766
171,Expense Payment,2591.96,145,853
172,Expense Payment,2482.29,270,139
173,Liability Settlement,13092.67,76,571
174,Asset Purchase,12056.56,18,342
175,Asset Purchase,4417.98,114,876
176,Expense Payment,1100.85,323,800
177,Liability Settlement,60706.57,331,917
178,Liability Settlement,45178.76,206,352
179,Asset Purchase,49314.78,118,100
180,Asset Purchase,7446.63,16,392
181,Expense Payment,533.67,50,312
182,Liability Settlement,19256.23,140,877
183,Expense Payment,2346.06,269,23
184,Expense Payment,2306.26,318,594
185,Liability Settlement,70938.68,174,694
186,Liability Settlement,42344.36,225,544
187,Expense Payment,487.74,193,499
188,Liability Settlement,29492.74,257,906
189,Expense Payment,1341.96,338,462
190,Expense Payment,4253.28,329,925
191,Expense Payment,4258.56,244,685
192,Expense Payment,3571.08,44,419
193,Liability Settlement,46031.27,117,177
194,Liability Settlement,13451.13,89,289
195,Expense Payment,942.22,289,525
196,Asset Purchase,9790.06,45,741
197,Asset Purchase,14451.64,25,399
198,Expense Payment,3990.15,73,163
199,Expense Payment,2172.28,84,406
200,Liability Settlement,69423.4,36,455
201,Asset Purchase,8462.67,91,203
202,Liability Settlement,75939.57,272,388
203,Liability Settlement,28846.49,106,397
204,Expense Payment,139.73,173,843
205,Expense Payment,3244.01,321,533
206,Expense Payment,3990.93,2,648
207,Expense Payment,2187.91,150,812
208,Asset Purchase,3301.1,80,782
209,Asset Purchase,8108.24,90,398
210,Expense Payment,2640.79,337,961
211,Expense Payment,3259.69,68,232
212,Liability Settlement,42841.28,58,46
213,Expense Payment,3835.17,253,19
214,Liability Settlement,21728.96,157,741
215,Expense Payment,3874.83,70,938
216,Liability Settlement,1686.98,174,110
217,Liability Settlement,54047.75,210,89
218,Asset Purchase,5019.07,126,74
219,Liability Settlement,31398.08,60,88
220,Asset Purchase,19830.58,87,824
221,Asset Purchase,39729.84,15,249
222,Expense Payment,441.96,211,554
223,Liability Settlement,67295.95,238,639
224,Liability Settlement,12269.2,154,773
225,Expense Payment,911.37,137,780
226,Liability Settlement,85635.86,66,329
227,Asset Purchase,35802.56,5,393
228,Liability Settlement,98585.3,295,94
229,Liability Settlement,91842.65,286,632
230,Asset Purchase,16758.78,98,181
231,Expense Payment,745.6,261,172
232,Expense Payment,4476.95,213,644
233,Asset Purchase,14005.37,64,683
234,Liability Settlement,81785.94,331,517
235,Liability Settlement,75276.84,347,62
236,Asset Purchase,29026.3,102,860
237,Asset Purchase,18902.28,146,67
238,Expense Payment,1693.5,237,588
239,Asset Purchase,26444.44,87,152
240,Liability Settlement,17511.9,327,234
241,Asset Purchase,33912.74,110,282
242,Asset Purchase,4748.65,8,415
243,Asset Purchase,12639.44,76,690
244,Asset Purchase,31448.81,91,996
245,Asset Purchase,29086.65,98,665
246,Asset Purchase,29525.29,129,47
247,Liability Settlement,51226.46,347,932
248,Expense Payment,1242.73,292,179
249,Liability Settlement,37341.62,57,674
250,Liability Settlement,65831.6,288,271
251,Liability Settlement,65293.18,84,577
252,Asset Purchase,45154.91,129,612
253,Asset Purchase,32261.78,75,603
254,Expense Payment,3480.91,198,716
255,Liability Settlement,68231.42,171,697
256,Liability Settlement,62041.79,284,133
257,Expense Payment,3903.97,254,14
258,Expense Payment,1039.36,247,241
259,Liability Settlement,72310.27,259,999
260,Liability Settlement,73012.63,86,322
261,Liability Settlement,5855.2,307,129
262,Asset Purchase,49338.16,132,799
263,Asset Purchase,19829.88,126,765
264,Liability Settlement,90522.36,175,927
265,Expense Payment,4012.44,105,832
266,Expense Payment,1348.43,94,764
267,Liability Settlement,37189.9,114,406
268,Expense Payment,4282.65,112,765
269,Expense Payment,3107.64,252,623
270,Liability Settlement,85214.58,179,69
271,Liability Settlement,27249.86,17,363
272,Asset Purchase,48420.75,18,963
273,Expense Payment,1230.23,101,594
274,Liability Settlement,56962.83,30,985
275,Liability Settlement,14132.31,268,958
276,Asset Purchase,17144.15,84,274
277,Liability Settlement,69640.99,158,459
278,Expense Payment,2955.46,90,424
279,Asset Purchase,7788.55,136,82
280,Expense Payment,1269.63,200,806
281,Asset Purchase,18975.06,26,755
282,Expense Payment,54.45,155,5
283,Asset Purchase,11878.11,148,526
284,Liability Settlement,76161.1,109,879
285,Asset Purchase,44786.75,87,971
286,Asset Purchase,889.12,116,135
287,Liability Settlement,70162.24,258,680
288,Asset Purchase,8457.91,63,625
289,Expense Payment,2822.22,281,947
290,Expense Payment,669.82,29,576
291,Liability Settlement,35837.34,28,971
292,Liability Settlement,84215.29,119,340
293,Liability Settlement,92796.71,19,147
294,Asset Purchase,23217.37,90,156
295,Liability Settlement,15675.63,173,920
296,Liability Settlement,13167.13,201,186
297,Expense Payment,765.82,263,348
298,Asset Purchase,29788.02,9,425
299,Asset Purchase,32356.72,17,239
300,Expense Payment,254.98,340,603
301,Asset Purchase,16572.68,23,363
302,Liability Settlement,22917.52,136,474
303,Expense Payment,33.99,209,44
304,Expense Payment,4881.1,74,471
305,Liability Settlement,72258.14,86,841
306,Expense Payment,1404.0,258,939
307,Liability Settlement,35895.01,146,568
308,Liability Settlement,48702.62,42,812
309,Liability Settlement,18727.06,350,805
310,Liability Settlement,61808.85,184,603
311,Expense Payment,2314.07,319,469
312,Liability Settlement,42335.46,260,707
313,Asset Purchase,13200.84,136,259
314,Liability Settlement,46227.94,280,50
315,Expense Payment,3017.93,291,981
316,Liability Settlement,24280.01,238,561
317,Expense Payment,2822.51,164,881
318,Liability Settlement,45372.79,34,554
319,Asset Purchase,37042.86,40,399
320,Expense Payment,4707.37,264,572
321,Liability Settlement,74762.96,268,423
322,Liability Settlement,44691.32,308,663
323,Expense Payment,1949.26,65,100
324,Asset Purchase,15102.32,147,443
325,Expense Payment,3873.06,110,949
326,Liability Settlement,2159.48,121,557
327,Asset Purchase,18916.25,132,482
328,Liability Settlement,44345.8,266,80
329,Asset Purchase,8814.51,130,487
330,Liability Settlement,44590.22,297,424
331,Expense Payment,3114.45,219,592
332,Expense Payment,1027.31,263,168
333,Liability Settlement,65835.98,211,537
334,Expense Payment,2371.68,334,22
335,Liability Settlement,72911.65,244,667
336,Liability Settlement,73336.87,265,900
337,Asset Purchase,6657.1,134,577
338,Asset Purchase,7481.77,59,556
339,Liability Settlement,30535.23,106,973
340,Liability Settlement,83539.18,278,931
341,Liability Settlement,76798.75,159,395
342,Asset Purchase,31953.29,21,824
343,Liability Settlement,42301.3,118,29
344,Asset Purchase,6194.34,3,496
345,Asset Purchase,36076.75,52,280
346,Asset Purchase,5263.29,86,816
347,Liability Settlement,52694.88,272,48
348,Asset Purchase,35027.19,20,429
349,Liability Settlement,62615.41,85,303
350,Liability Settlement,91476.02,58,362
351,Liability Settlement,41788.62,194,165
352,Asset Purchase,9103.01,5,20
353,Expense Payment,2213.0,74,876
354,Asset Purchase,21623.63,89,565
355,Liability Settlement,35067.51,337,17
356,Asset Purchase,10887.04,121,674
357,Liability Settlement,32565.47,207,947
358,Asset Purchase,40032.51,48,868
359,Liability Settlement,12157.06,248,578
360,Liability Settlement,53901.42,114,617
361,Asset Purchase,31440.36,68,394
362,Asset Purchase,705.86,30,950
363,Expense Payment,2209.5,94,579
364,Expense Payment,3274.26,156,208
365,Liability Settlement,6864.81,43,332
366,Liability Settlement,64292.7,324,521
367,Asset Purchase,16543.81,29,331
368,Expense Payment,2658.04,180,740
369,Liability Settlement,66642.27,143,943
370,Asset Purchase,45990.71,55,600
371,Asset Purchase,29903.99,112,347
372,Expense Payment,4655.46,65,742
373,Expense Payment,4750.93,123,352
374,Expense Payment,4228.1,305,674
375,Asset Purchase,23609.59,63,928
376,Liability Settlement,1332.57,346,180
377,Expense Payment,4043.63,317,770
378,Expense Payment,4969.77,220,203
379,Liability Settlement,30937.05,211,711
380,Asset Purchase,15978.36,56,117
381,Expense Payment,576.96,192,360
382,Expense Payment,2378.27,53,159
383,Liability Settlement,42504.41,309,310
384,Expense Payment,965.4,125,715
385,Liability Settlement,89561.21,286,97
386,Liability Settlement,20273.38,117,828
387,Liability Settlement,7233.45,278,721
388,Liability Settlement,2375.78,246,349
389,Asset Purchase,15632.25,6,222
390,Liability Settlement,36401.54,43,52
391,Liability Settlement,76047.95,153,93
392,Expense Payment,1835.59,152,736
393,Asset Purchase,4251.05,104,588
394,Asset Purchase,34423.2,18,241
395,Liability Settlement,98656.41,105,990
396,Liability Settlement,82340.24,270,23
397,Liability Settlement,42289.83,31,703
398,Expense Payment,2230.49,330,888
399,Expense Payment,4534.88,155,236
400,Asset Purchase,27145.69,86,458
401,Expense Payment,719.27,293,595
402,Expense Payment,4387.69,196,857
403,Expense Payment,3705.54,4,49
404,Liability Settlement,78393.73,322,445
405,Asset Purchase,34337.92,16,177
406,Asset Purchase,37357.4,132,78
407,Liability Settlement,66526.08,234,879
408,Liability Settlement,77913.38,268,285
409,Expense Payment,831.11,121,108
410,Expense Payment,3597.74,246,608
411,Asset Purchase,6634.3,123,926
412,Expense Payment,3280.77,42,282
413,Liability Settlement,29363.03,48,466
414,Liability Settlement,22699.21,112,986
415,Asset Purchase,2003.18,91,668
416,Asset Purchase,26799.61,13,819
417,Liability Settlement,73370.77,301,140
418,Liability Settlement,95186.49,305,4
419,Expense Payment,3192.37,199,513
420,Asset Purchase,5943.57,149,604
421,Asset Purchase,10975.58,114,581
422,Asset Purchase,9787.35,127,448
423,Expense Payment,2091.41,191,334
424,Asset Purchase,7502.11,93,89
425,Liability Settlement,73828.27,261,251
426,Asset Purchase,5397.91,53,862
427,Expense Payment,2036.44,88,887
428,Asset Purchase,48860.83,36,100
429,Expense Payment,1159.07,315,696
430,Expense Payment,1909.59,55,628
431,Expense Payment,2433.0,15,16
432,Expense Payment,1573.25,130,563
433,Asset Purchase,24118.91,57,768
434,Expense Payment,1610.77,345,141
435,Asset Purchase,31205.79,29,306
436,Liability Settlement,15469.59,65,944
437,Asset Purchase,25967.41,92,826
438,Liability Settlement,64331.54,230,855
439,Asset Purchase,28202.67,68,403
440,Asset Purchase,42969.85,53,145
441,Liability Settlement,74541.61,126,788
442,Liability Settlement,21401.53,300,834
443,Asset Purchase,26191.97,135,13
444,Asset Purchase,38364.63,4,748
445,Liability Settlement,6420.33,333,715
446,Expense Payment,2305.7,64,411
447,Expense Payment,3650.88,20,76
448,Expense Payment,4295.0,172,478
449,Liability Settlement,59105.93,196,66
450,Asset Purchase,46340.06,64,41
451,Asset Purchase,48298.46,49,159
452,Expense Payment,3759.64,278,983
453,Asset Purchase,10198.44,140,741
454,Expense Payment,3478.86,72,110
455,Asset Purchase,14997.7,112,1000
456,Asset Purchase,11750.81,98,248
457,Expense Payment,4633.37,106,75
458,Liability Settlement,99295.76,10,366
459,Expense Payment,666.93,277,312
460,Expense Payment,618.95,84,972
461,Asset Purchase,43178.69,86,747
462,Expense Payment,4763.57,326,176
463,Asset Purchase,23895.3,49,51
464,Asset Purchase,46223.3,26,428
465,Asset Purchase,48589.84,87,125
466,Expense Payment,1783.2,48,4
467,Expense Payment,2804.58,199,259
468,Asset Purchase,15378.98,110,841
469,Expense Payment,3387.98,140,116
470,Liability Settlement,55429.03,163,514
471,Expense Payment,3401.52,133,259
472,Liability Settlement,55197.52,313,514
473,Expense Payment,1125.03,5,113
474,Liability Settlement,8257.05,313,59
475,Liability Settlement,80348.77,233,351
476,Liability Settlement,67063.64,285,55
477,Asset Purchase,32950.18,119,996
478,Expense Payment,1305.09,160,780
479,Asset Purchase,13030.0,147,759
480,Expense Payment,1163.67,144,497
481,Liability Settlement,93601.32,242,772
482,Liability Settlement,25419.42,303,384
483,Expense Payment,1807.7,76,994
484,Asset Purchase,22298.86,103,716
485,Liability Settlement,83952.14,73,56
486,Expense Payment,51.57,125,14
487,Liability Settlement,37399.24,17,558
488,Expense Payment,4744.8,244,896
489,Expense Payment,501.61,182,682
490,Asset Purchase,36776.79,121,662
491,Expense Payment,885.48,79,921
492,Liability Settlement,6141.03,235,759
493,Liability Settlement,40618.46,229,35
494,Asset Purchase,32379.45,115,624
495,Asset Purchase,9552.13,107,244
496,Expense Payment,2720.09,102,983
497,Expense Payment,4437.63,83,839
498,Expense Payment,2248.83,143,572
499,Asset Purchase,17251.0,137,253
500,Liability Settlement,49224.15,53,532
501,Expense Payment,2201.55,210,822
502,Asset Purchase,27843.09,64,740
503,Liability Settlement,14457.9,69,764
504,Liability Settlement,54727.14,60,305
505,Asset Purchase,26824.89,126,846
506,Liability Settlement,29629.27,327,909
507,Liability Settlement,77930.93,21,765
508,Expense Payment,1530.74,342,716
509,Expense Payment,2793.44,336,638
510,Asset Purchase,3496.87,134,875
511,Expense Payment,3737.59,101,677
512,Liability Settlement,93339.53,197,373
513,Asset Purchase,43534.67,22,654
514,Asset Purchase,18209.79,52,573
515,Liability Settlement,86436.16,342,99
516,Asset Purchase,34105.11,23,868
517,Expense Payment,4896.52,21,599
518,Asset Purchase,47939.48,105,288
519,Liability Settlement,31118.09,292,308
520,Liability Settlement,92821.2,203,926
521,Asset Purchase,31470.38,132,110
522,Expense Payment,3264.72,209,557
523,Expense Payment,2924.71,83,108
524,Expense Payment,4399.89,14,622
525,Expense Payment,2717.05,115,442
526,Liability Settlement,24332.72,261,1
527,Liability Settlement,91334.68,342,989
528,Asset Purchase,9444.79,128,835
529,Liability Settlement,76683.03,193,889
530,Liability Settlement,56419.64,163,755
531,Asset Purchase,40719.48,83,984
532,Liability Settlement,71916.08,168,276
533,Expense Payment,1412.53,186,534
534,Asset Purchase,6158.61,101,876
535,Asset Purchase,32972.29,76,587
536,Asset Purchase,27034.37,46,105
537,Asset Purchase,18066.13,117,258
538,Asset Purchase,19866.56,103,624
539,Asset Purchase,29163.67,36,681
540,Liability Settlement,8514.98,29,524
541,Liability Settlement,66372.68,72,285
542,Asset Purchase,22903.87,2,202
543,Liability Settlement,66220.53,174,866
544,Expense Payment,2033.34,21,762
545,Asset Purchase,15811.98,148,100
546,Liability Settlement,44128.72,203,60
547,Liability Settlement,14139.51,162,544
548,Liability Settlement,65347.37,51,196
549,Liability Settlement,59724.82,246,670
550,Liability Settlement,91629.79,242,952
