1,Gabrielle,Vazquez,jenniferreid@example.org,5,Manager
2,Vincent,Martinez,pettybriana@example.org,3,Manager
3,Eric,Dawson,forddennis@example.com,4,Auditor
4,Fernando,Norris,ginawarren@example.org,3,Tax Specialist
5,Christine,Wallace,james78@example.com,2,Auditor
6,Tina,Thomas,cbrown@example.net,1,HR Coordinator
7,Ashley,Le,rodriguezbenjamin@example.net,5,Auditor
8,Vanessa,Brown,danielle13@example.org,1,Manager
9,Victoria,Brooks,emily79@example.com,5,Senior Accountant
10,Adam,Mcclure,cgarcia@example.net,3,Staff Accountant
11,Stephen,Harper,jpowell@example.org,1,Intern
12,Sean,Johnson,teresa49@example.net,2,Manager
13,Robin,Snyder,dsmith@example.org,2,Staff Accountant
14,Debra,Clark,michaelsheppard@example.org,3,Intern
15,Erin,Parker,vyoung@example.net,5,Tax Specialist
16,Brandon,Brown,corey79@example.org,4,Financial Analyst
17,Ricky,Rogers,carrpamela@example.org,3,Senior Accountant
18,Brian,Weiss,scott61@example.net,4,Auditor
19,Katie,Gonzalez,lozanowilliam@example.com,1,Senior Accountant
20,Lynn,Cook,aguirremichael@example.com,1,Financial Analyst
21,Teresa,Johnson,wrighttrevor@example.net,5,Senior Accountant
22,Jerry,Jordan,ajones@example.org,1,Auditor
23,Megan,Tyler,foxtony@example.net,3,Intern
24,Timothy,Lee,shelia12@example.org,1,Staff Accountant
25,Logan,Torres,jennifer49@example.org,1,Financial Analyst
26,Stacey,Wallace,jonestheresa@example.org,2,Financial Analyst
27,Diana,Payne,wardkathleen@example.org,5,Tax Specialist
28,Ian,Beltran,kevin20@example.net,2,HR Coordinator
29,Sydney,Miller,alyssa56@example.org,3,Tax Specialist
30,Paul,Hall,johndavidson@example.org,4,Intern
31,Alexis,Lynch,timothyherrera@example.org,4,Staff Accountant
32,Pam,Fowler,ricesteven@example.org,4,Manager
33,Teresa,Brown,moorenathan@example.com,1,Tax Specialist
34,Joshua,Wilson,sgonzales@example.com,3,Senior Accountant
35,Cynthia,Mills,john48@example.com,1,HR Coordinator
36,Thomas,Rogers,garrettrios@example.org,4,Manager
37,Destiny,Gray,alice17@example.net,2,Senior Accountant
38,Janet,Henderson,mcdanielbenjamin@example.net,5,Financial Analyst
39,Andrew,Little,vprince@example.com,5,Intern
40,Gary,King,jenniferorozco@example.com,4,Tax Specialist
41,Jerry,Blankenship,jennifermcdonald@example.net,2,Auditor
42,Troy,Crawford,ericksonryan@example.org,5,Financial Analyst
43,Beth,Deleon,aross@example.net,1,Manager
44,Brian,Parker,briannamcdaniel@example.org,1,Auditor
45,Joshua,Maldonado,moralesdarren@example.net,3,Intern
46,Jessica,Shields,henrylawrence@example.net,5,Financial Analyst
47,Nicole,Phillips,makayla65@example.net,5,Senior Accountant
48,Amanda,Garcia,ellenwells@example.net,5,Staff Accountant
49,Angela,Howard,cthomas@example.org,4,Auditor
50,Louis,Rowe,timothybowman@example.net,4,Intern
51,Jennifer,Spencer,andrearodriguez@example.net,1,Intern
52,David,Johnson,cookmary@example.net,1,Staff Accountant
53,Sue,Evans,joel26@example.net,5,Tax Specialist
54,Caroline,Craig,wwyatt@example.org,4,HR Coordinator
55,Jerry,Gray,clarence34@example.com,1,Intern
56,Shaun,Mccoy,imeyer@example.org,1,Senior Accountant
57,Nicholas,Perez,tami13@example.com,1,Staff Accountant
58,Jennifer,Smith,xmaynard@example.com,3,Manager
59,Christopher,Durham,monica91@example.org,3,HR Coordinator
60,Allison,Trujillo,piercejeffrey@example.org,4,Staff Accountant
61,Rebecca,Perry,frostandrea@example.com,5,HR Coordinator
62,Michele,Houston,dylan38@example.org,1,HR Coordinator
63,Hunter,Weber,robert99@example.net,3,Staff Accountant
64,Brianna,Pierce,grahamjoseph@example.com,5,Financial Analyst
65,Heather,Montoya,shannonwise@example.net,3,Intern
66,Andrew,Mcdonald,haley96@example.com,4,Tax Specialist
67,Courtney,Walker,kennedymarcus@example.org,3,Financial Analyst
68,Lisa,Jones,devin10@example.net,3,Tax Specialist
69,Tanya,Simpson,codyrowe@example.net,1,Auditor
70,Michael,Rowland,jessicadavis@example.net,1,Senior Accountant
71,Katie,Williams,russelljordan@example.net,3,Intern
72,David,Adams,allisonmarie@example.net,1,Intern
73,Sara,Jackson,ffoster@example.com,3,Manager
74,Dalton,Marshall,morajason@example.net,3,Auditor
75,Judy,Ryan,thomasrebecca@example.com,2,Tax Specialist
76,Amanda,Cox,williamkane@example.com,1,Financial Analyst
77,Christopher,Nunez,johnmoran@example.net,4,HR Coordinator
78,Maureen,Oliver,christopher55@example.org,3,Senior Accountant
79,Tammy,Gentry,brenda06@example.net,4,Tax Specialist
80,Anthony,Smith,mary61@example.com,5,Manager
81,David,Sutton,wilsontammy@example.net,5,Auditor
82,Taylor,Arnold,ryancarey@example.org,3,Staff Accountant
83,Mario,Peck,garciacarrie@example.net,2,Staff Accountant
84,James,Johnston,tanya29@example.org,4,Financial Analyst
85,Jerry,Hernandez,chadstewart@example.net,3,Senior Accountant
86,Rachel,Martinez,meyerlydia@example.com,3,Intern
87,Derrick,Barron,williamsvictoria@example.org,5,Intern
88,Virginia,Moore,michael73@example.com,3,Tax Specialist
89,Eric,Joyce,annbrown@example.com,1,Staff Accountant
90,Lisa,Pena,claytonpamela@example.com,2,Auditor
91,Brandon,Ramirez,tyler34@example.org,4,HR Coordinator
92,James,Holmes,julie58@example.org,1,HR Coordinator
93,Brian,Young,sharon94@example.org,3,Senior Accountant
94,Cindy,Freeman,salazarkevin@example.com,3,Staff Accountant
95,Benjamin,White,obecker@example.org,5,Manager
96,Emily,White,kharrell@example.org,5,HR Coordinator
97,Amanda,Ferguson,rpowell@example.net,2,Financial Analyst
98,Amy,Williams,llewis@example.com,3,Staff Accountant
99,Kenneth,Schroeder,xwolfe@example.net,5,Staff Accountant
100,Colleen,Willis,burnsjames@example.net,2,Intern
101,Louis,Petersen,michaellivingston@example.com,3,Manager
102,Ryan,Weber,xcarlson@example.net,2,Financial Analyst
103,Daniel,Payne,ericksonjason@example.com,1,Tax Specialist
104,Micheal,Washington,msalas@example.net,4,Financial Analyst
105,Madison,Olson,douglasmartin@example.net,4,Senior Accountant
106,Kelly,Mason,traciwilson@example.com,4,Intern
107,Benjamin,Yoder,wramirez@example.com,5,Manager
108,Jennifer,Pugh,ginamaddox@example.net,4,Senior Accountant
109,Samantha,Velez,mackmichael@example.org,4,HR Coordinator
110,Jack,Randall,sullivandaniel@example.net,1,Senior Accountant
111,Stacey,Conner,brianpeterson@example.net,5,Auditor
112,Rebecca,Schaefer,hkelly@example.com,4,Intern
113,Diamond,Roberts,jhernandez@example.org,2,Auditor
114,Pamela,Holloway,fernandezjennifer@example.org,1,HR Coordinator
115,Jerry,Fleming,victoria87@example.org,5,Senior Accountant
116,Teresa,Marshall,ppeterson@example.org,4,Manager
117,Alice,Vasquez,qsmith@example.org,3,Staff Accountant
118,Todd,Pratt,ericadaniels@example.com,5,Tax Specialist
119,Cody,Walker,millermichael@example.com,2,Tax Specialist
120,Darryl,Bailey,jasminemccoy@example.org,5,HR Coordinator
121,Katelyn,Pham,mmiller@example.org,1,Tax Specialist
122,Allen,Cole,kathrynlambert@example.com,4,Auditor
123,Pamela,Leonard,davidross@example.com,2,Intern
124,Michelle,Hawkins,cameron44@example.org,5,Senior Accountant
125,Joseph,Briggs,ujones@example.org,5,Auditor
126,Theresa,Burns,stewartrobert@example.com,1,Tax Specialist
127,Erica,George,sergiojohnson@example.org,3,HR Coordinator
128,Karen,Colon,brownlaura@example.org,4,HR Coordinator
129,Damon,Rodgers,maryfranco@example.net,4,Auditor
130,David,Cervantes,coreyrichardson@example.org,3,Auditor
131,Sheila,Rodgers,oturner@example.com,2,Tax Specialist
132,Sandra,Potter,ashleywhite@example.com,5,Manager
133,Richard,Donaldson,vwilliams@example.net,2,Auditor
134,Robert,Long,gallagherangela@example.com,3,Senior Accountant
135,Sarah,Martin,robinsonkathy@example.com,1,Senior Accountant
136,Krista,Liu,brittany39@example.org,1,Financial Analyst
137,Katherine,Casey,benjaminnelson@example.org,3,Tax Specialist
138,Joseph,Johnson,williamslucas@example.net,1,Tax Specialist
139,Beverly,Garrison,roymichael@example.net,2,Senior Accountant
140,Brittney,Richardson,schaefermelody@example.com,3,Senior Accountant
141,Kim,Campbell,zspencer@example.org,2,Auditor
142,Kathleen,Thomas,ewolfe@example.com,3,Manager
143,Kathy,Foley,paul24@example.com,4,Financial Analyst
144,David,Bennett,mburke@example.org,4,HR Coordinator
145,Austin,Pham,sergiowilson@example.com,2,Manager
146,Amanda,Barr,johnsonchristopher@example.net,1,Tax Specialist
147,Robert,Clements,ywright@example.com,3,Auditor
148,Tina,Byrd,loricampbell@example.com,2,Manager
149,Lindsey,Thomas,fergusonsara@example.net,5,Senior Accountant
150,Barry,Michael,carlsonsharon@example.net,5,Auditor
151,Tammy,Williams,kristen22@example.com,1,Senior Accountant
152,Daniel,Schultz,wallacejustin@example.com,3,Intern
153,Caitlin,Ramirez,davisallison@example.net,2,HR Coordinator
154,Caleb,Underwood,jjimenez@example.org,4,Intern
155,Jennifer,Morales,caitlin59@example.org,5,Tax Specialist
156,Nancy,Lawson,ibarnes@example.com,4,HR Coordinator
157,Amanda,Cortez,clarenceali@example.net,4,Auditor
158,Kara,Hale,alexander27@example.com,3,Financial Analyst
159,Francisco,Nicholson,brianerickson@example.net,5,Staff Accountant
160,Richard,Davis,ewilson@example.net,3,Financial Analyst
161,Brian,Lewis,sheila78@example.com,2,Auditor
162,Sherry,Chambers,shawnflores@example.org,2,Staff Accountant
163,Angela,Gibson,lawsonbrian@example.com,4,Manager
164,Patrick,Welch,nathan03@example.com,2,Senior Accountant
165,Michael,Hoffman,ortizmark@example.com,5,Financial Analyst
166,John,Rivera,johnstondestiny@example.net,1,Manager
167,Michael,Williams,richardlopez@example.org,4,Tax Specialist
168,Tammy,Bean,jason65@example.org,1,HR Coordinator
169,Daniel,Taylor,eschneider@example.com,2,Intern
170,Whitney,Johnson,jenniferrobles@example.net,5,Staff Accountant
171,Juan,Rivas,markstewart@example.org,2,Senior Accountant
172,Jennifer,Tucker,dwaynesilva@example.org,1,Tax Specialist
173,Rachel,Price,imorse@example.net,2,Tax Specialist
174,Antonio,Watson,kaitlyn44@example.com,4,Staff Accountant
175,Tyler,Richardson,nicholasodonnell@example.com,2,Tax Specialist
176,Troy,Shaw,josephhodges@example.net,2,Staff Accountant
177,Michael,Hall,romerotracy@example.org,2,Intern
178,Michelle,Robinson,wilsonjohnny@example.net,1,Senior Accountant
179,Brian,Reilly,bking@example.com,5,Intern
180,Bryan,Myers,abarnes@example.org,4,Tax Specialist
181,Jesus,Cox,allisonbrandon@example.org,5,Intern
182,Barbara,Washington,gwebster@example.net,2,Staff Accountant
183,Natalie,Green,kerryjones@example.org,5,Senior Accountant
184,Kimberly,Garza,david59@example.net,2,Senior Accountant
185,Richard,Durham,shane55@example.com,3,Auditor
186,Thomas,Davila,mccannmichael@example.com,5,Tax Specialist
187,Anna,Zuniga,gsheppard@example.com,4,Senior Accountant
188,Robert,Blackwell,wrightdavid@example.com,3,Financial Analyst
189,Javier,Hicks,victoriaking@example.net,3,Financial Analyst
190,Thomas,Weiss,ijones@example.net,5,Intern
191,Paul,Phillips,kerryharris@example.org,5,HR Coordinator
192,Nicole,Figueroa,michaelholland@example.com,5,Senior Accountant
193,John,Rios,leahmcgee@example.net,2,Staff Accountant
194,Jared,Jordan,olivia38@example.net,3,Staff Accountant
195,Michael,Davis,nicole97@example.net,4,Manager
196,Jessica,Gonzalez,seanpetty@example.com,3,HR Coordinator
197,Brittany,Alvarado,wagnerlindsey@example.net,3,Auditor
198,Timothy,Nguyen,jason68@example.com,3,HR Coordinator
199,Lori,Armstrong,spencerryan@example.org,3,Tax Specialist
200,Matthew,White,ljohnson@example.org,3,Financial Analyst
201,Robert,Ryan,craigpayne@example.com,3,Intern
202,Cristian,Lutz,wilsonaaron@example.com,4,Tax Specialist
203,Dwayne,Santiago,laura34@example.org,3,Financial Analyst
204,Tanya,Knight,vancejason@example.net,2,Tax Specialist
205,Jasmine,Webb,leslie12@example.net,2,Manager
206,Tony,Grant,patrick03@example.net,3,Tax Specialist
207,Michael,Haynes,gravesangela@example.net,2,Staff Accountant
208,Ashley,Lopez,fgomez@example.net,2,Tax Specialist
209,James,Valentine,ddavis@example.net,2,Tax Specialist
210,Sara,Stephenson,eric51@example.com,1,Auditor
211,Denise,Armstrong,bethany01@example.net,5,Staff Accountant
212,Amy,Garza,terrigraham@example.net,1,Tax Specialist
213,Mary,Krueger,brownmichael@example.com,5,Financial Analyst
214,James,Fleming,rgreen@example.com,3,Financial Analyst
215,Roberto,Sanchez,harrismark@example.net,5,Staff Accountant
216,Jessica,Huynh,vharvey@example.net,5,Financial Analyst
217,Katie,Guzman,josephleon@example.net,3,Manager
218,Heather,Anderson,stevenyoung@example.org,4,Staff Accountant
219,Richard,Daniel,tannertyler@example.org,2,Tax Specialist
220,Christina,Martinez,fmerritt@example.net,5,Manager
221,Lauren,Russell,nmiller@example.org,5,Auditor
222,Austin,Higgins,zcastillo@example.org,5,Financial Analyst
223,Elizabeth,Smith,ywarren@example.org,1,Staff Accountant
224,James,Fernandez,jonathan01@example.net,2,HR Coordinator
225,Carol,Salazar,ascott@example.net,2,Financial Analyst
226,Joshua,Mercer,lawrencecooley@example.org,2,Senior Accountant
227,Sandra,Smith,matthew17@example.com,2,Financial Analyst
228,Kelly,Phillips,alexanderrobert@example.org,2,Tax Specialist
229,Paul,Ruiz,rodrigueztyler@example.net,3,Financial Analyst
230,Kelly,Parker,pamelakelly@example.net,1,Manager
231,Kevin,Walker,joseph07@example.net,3,Manager
232,Robert,Johnson,conwayalexandra@example.net,1,Senior Accountant
233,Brian,Barnes,gregorythomas@example.com,3,Manager
234,Katherine,Brown,richardjensen@example.com,2,Staff Accountant
235,Christopher,Kemp,christysantiago@example.com,1,Senior Accountant
236,Nancy,Sanchez,juliebryant@example.com,5,Auditor
237,Harold,Jensen,monicagarcia@example.net,3,Auditor
238,Ashley,Miller,rzamora@example.com,3,Manager
239,Beverly,Strong,harrisantonio@example.com,4,Auditor
240,Robert,Winters,marquezstephanie@example.net,2,HR Coordinator
241,Dawn,Peterson,faustin@example.net,2,HR Coordinator
242,Victoria,Ayala,craigmichael@example.com,3,Intern
243,Travis,Sutton,serranojacob@example.com,2,Financial Analyst
244,Evelyn,Davis,samanthaholmes@example.net,5,Financial Analyst
245,Alicia,Anderson,huertajennifer@example.org,4,Manager
246,Eddie,Perry,kristahernandez@example.net,4,Financial Analyst
247,Monica,Ball,mcintyresara@example.org,1,Financial Analyst
248,Melissa,Santos,donna60@example.com,2,Intern
249,Javier,Ballard,richardhunter@example.net,4,Tax Specialist
250,Christopher,Yates,omoore@example.org,2,Tax Specialist
251,Laura,Carr,coreylowe@example.com,2,Tax Specialist
252,Larry,Dodson,bherrera@example.com,2,Intern
253,Mary,Brown,jamesacosta@example.net,2,Financial Analyst
254,Nicole,Taylor,andrewwise@example.com,2,Staff Accountant
255,Patricia,Ramsey,stevemeyer@example.org,5,Manager
256,Kelly,Robles,fbailey@example.net,3,Financial Analyst
257,Andrew,Wells,shannonriley@example.com,1,Senior Accountant
258,James,Finley,haleyvaldez@example.org,2,Senior Accountant
259,Christopher,Moran,orodriguez@example.net,2,HR Coordinator
260,Alexander,Douglas,ybryan@example.net,1,Manager
261,Richard,Sanchez,baileysheri@example.net,1,Auditor
262,Steven,Dawson,charles52@example.net,3,HR Coordinator
263,Brooke,Murillo,vhayes@example.net,3,Financial Analyst
264,Raymond,Duran,pstevens@example.net,4,Financial Analyst
265,Robert,Wilson,eriksmith@example.org,5,Financial Analyst
266,Brian,Downs,julielogan@example.org,2,Financial Analyst
267,Heather,Crosby,hansenmark@example.com,4,Manager
268,Lance,Ramsey,catherine37@example.org,2,Staff Accountant
269,Samantha,Graves,carlsonlouis@example.com,5,Senior Accountant
270,Amber,Ortiz,jonesanthony@example.com,1,Auditor
271,Lauren,Daniels,donnabond@example.org,2,Senior Accountant
272,Krystal,Ford,gregorybauer@example.net,3,Auditor
273,Mario,Williams,sandra16@example.org,1,Tax Specialist
274,Timothy,Johnson,bennettchristopher@example.com,5,Intern
275,Rachel,Wheeler,amy75@example.com,4,Financial Analyst
276,Theodore,Nelson,greensharon@example.net,5,Financial Analyst
277,Marcus,Bates,patricia53@example.com,4,HR Coordinator
278,Mary,Clark,haileymiller@example.org,5,Tax Specialist
279,Timothy,Brown,joseph98@example.org,5,Staff Accountant
280,Rebecca,Vega,castilloscott@example.com,3,Staff Accountant
281,Jennifer,Willis,amy87@example.org,5,Tax Specialist
282,Miguel,Norton,fjimenez@example.net,1,Tax Specialist
283,Martin,Wallace,ramireznatalie@example.org,3,Financial Analyst
284,Alexandra,Washington,michael48@example.org,2,Manager
285,Kathryn,Edwards,uhogan@example.net,3,Auditor
286,Michelle,Vargas,zcordova@example.com,2,HR Coordinator
287,Melissa,Evans,karen39@example.net,5,HR Coordinator
288,Scott,Luna,teresastout@example.net,2,Manager
289,Andrew,Carroll,xreed@example.org,1,Senior Accountant
290,Douglas,Huff,odonnellmatthew@example.com,1,HR Coordinator
291,Travis,Stephenson,michaelrichard@example.com,5,Senior Accountant
292,Margaret,Fischer,carrie94@example.net,3,Auditor
293,Kara,Lang,tammy00@example.com,5,Staff Accountant
294,Joanna,Sanchez,kingchristine@example.net,4,Auditor
295,Jessica,Ortiz,calvin71@example.net,5,HR Coordinator
296,Anthony,Raymond,waterschristina@example.net,2,Tax Specialist
297,Christopher,Davis,jenningsdaniel@example.com,3,HR Coordinator
298,Diana,Serrano,thomas84@example.net,5,Senior Accountant
299,Nicholas,Snyder,schultzkevin@example.org,3,Intern
300,Dorothy,Adams,alexandria64@example.com,3,Auditor
301,Tina,Scott,daniellepalmer@example.net,3,Manager
302,Misty,Ryan,amyvega@example.org,3,Staff Accountant
303,Ashley,Hernandez,jenniferterrell@example.org,4,Auditor
304,Jennifer,Payne,zreed@example.com,5,HR Coordinator
305,Diana,Gonzalez,lauren10@example.net,3,Financial Analyst
306,William,Marshall,tjackson@example.com,4,Staff Accountant
307,Curtis,Foster,melissaortega@example.org,2,Staff Accountant
308,Gerald,Flores,ycervantes@example.net,3,Tax Specialist
309,Tracy,Christian,warnerjames@example.com,3,Auditor
310,Diane,Fisher,williamandrade@example.net,3,Intern
311,Christine,Lozano,paula41@example.net,4,Manager
312,Jessica,Hill,pennyle@example.com,3,Manager
313,Damon,Gray,elizabeth04@example.net,2,Manager
314,Jeremy,Wolf,robertswilliam@example.net,1,Tax Specialist
315,John,Aguirre,edavis@example.net,3,Manager
316,Madison,Montgomery,sharvey@example.com,5,Staff Accountant
317,Katherine,Diaz,walkerjesse@example.org,4,Intern
318,Virginia,Gonzalez,bakerjames@example.net,1,Financial Analyst
319,Rhonda,White,melanie83@example.com,2,Senior Accountant
320,Mary,Chavez,sheliaboyd@example.net,5,Financial Analyst
321,Calvin,Ortega,stacy40@example.org,5,Staff Accountant
322,Timothy,Brown,jodysmall@example.org,2,Senior Accountant
323,Allison,Allen,kwallace@example.net,4,Staff Accountant
324,Eric,Wallace,scott75@example.org,1,Tax Specialist
325,Alyssa,Larson,karathomas@example.com,1,Tax Specialist
326,Kelly,Velasquez,williampruitt@example.net,3,Intern
327,Tiffany,Wilson,markmarshall@example.org,5,Senior Accountant
328,Tammy,Ortiz,henryvanessa@example.net,2,Financial Analyst
329,Jade,Robles,jacquelinejackson@example.com,4,Manager
330,David,Martin,ihopkins@example.net,2,Intern
331,Emily,Dawson,fisheredward@example.com,3,Tax Specialist
332,Julie,Parker,robertjones@example.net,4,Manager
333,Michelle,Young,wallsnicholas@example.com,2,Staff Accountant
334,Adam,Carr,melendezcynthia@example.com,2,Staff Accountant
335,Melissa,Evans,brittanyharris@example.org,2,HR Coordinator
336,Molly,Warner,michael72@example.org,3,Intern
337,David,Johnson,ckelly@example.net,5,Tax Specialist
338,Timothy,Nguyen,nrhodes@example.com,1,Staff Accountant
339,Christopher,Trujillo,zachary93@example.org,5,Intern
340,Rebecca,Hernandez,david47@example.net,2,Financial Analyst
341,Teresa,Hicks,asimmons@example.org,1,Senior Accountant
342,Kevin,Moreno,barnesmackenzie@example.com,5,Financial Analyst
343,Stephanie,Estrada,mthompson@example.com,2,Financial Analyst
344,Jennifer,Tanner,elizabeth51@example.net,4,Manager
345,Jesus,Rhodes,scottbernard@example.com,4,HR Coordinator
346,Beth,Herring,rebeccablair@example.net,3,Auditor
347,John,Lewis,rcurtis@example.org,3,Manager
348,Robert,Watson,gonzalezwayne@example.com,2,Manager
349,Hannah,Maldonado,monique30@example.net,3,Staff Accountant
350,Julie,Gray,mendozajoanna@example.com,3,Intern
351,Deborah,Sharp,ericrichards@example.net,4,HR Coordinator
352,Roger,Hernandez,adamschristine@example.org,4,Senior Accountant
353,David,Taylor,sheriwilson@example.net,1,Manager
354,Whitney,Rodriguez,qflowers@example.com,5,Manager
355,Sergio,Pruitt,courtney02@example.org,1,Intern
356,Cheryl,Dunn,sherry68@example.org,4,Senior Accountant
357,Cathy,Williams,hbowers@example.org,1,HR Coordinator
358,Amanda,Rubio,jennifersmith@example.net,4,Financial Analyst
359,David,Wilson,jamespitts@example.com,5,Senior Accountant
360,Jamie,Davies,pcunningham@example.net,1,Senior Accountant
361,Michael,Pacheco,darrendiaz@example.com,4,Financial Analyst
362,Micheal,Jacobs,whitezachary@example.org,3,Financial Analyst
363,William,Allen,timothyhall@example.net,3,Financial Analyst
364,Brandon,Weaver,megan81@example.net,5,Tax Specialist
365,Mary,Miller,ray22@example.org,3,HR Coordinator
366,Cody,Gillespie,victoria18@example.com,2,Auditor
367,Lauren,Butler,patriciahardin@example.net,2,Intern
368,Candice,Smith,usimon@example.com,3,Financial Analyst
369,Heidi,Ramirez,anna91@example.com,5,Senior Accountant
370,James,Hoffman,michaelhenry@example.net,3,Manager
371,Wanda,Harris,gayeric@example.org,3,HR Coordinator
372,James,Williams,josephmorales@example.net,4,Auditor
373,Andrea,Howard,jose76@example.net,4,Senior Accountant
374,Hunter,Stanton,brandonhicks@example.org,5,HR Coordinator
375,Briana,Stephenson,stewartthomas@example.net,5,Intern
376,Tamara,Rivera,henryjoseph@example.net,4,Auditor
377,Christopher,Aguilar,millsdean@example.com,5,Intern
378,Marcia,Alvarez,amanda11@example.net,5,Financial Analyst
379,Cameron,Huffman,valenzuelakaylee@example.com,5,Intern
380,Kelly,Larson,matthewrussell@example.org,3,Financial Analyst
381,Sarah,Ortiz,ericharris@example.net,3,Senior Accountant
382,Ricky,Morrow,lambertbruce@example.net,5,Senior Accountant
383,Virginia,Ellis,angela25@example.com,2,HR Coordinator
384,Mary,Kline,kevin93@example.org,5,HR Coordinator
385,Allison,Higgins,isaac61@example.net,4,Auditor
386,Deborah,Thomas,waltonteresa@example.com,5,Tax Specialist
387,Crystal,Jacobs,lindarobinson@example.net,1,Financial Analyst
388,Timothy,Griffin,brady30@example.com,5,Manager
389,Margaret,Thomas,nsmith@example.org,3,Financial Analyst
390,Rebecca,Clark,michelebutler@example.org,5,HR Coordinator
391,Jose,Patterson,harrisonshirley@example.org,1,Manager
392,Tiffany,Payne,annasmith@example.org,3,Auditor
393,James,Mejia,josewilliams@example.com,4,Tax Specialist
394,Shelby,Gonzalez,kimberly21@example.org,3,Financial Analyst
395,Karen,Cruz,leviwilliams@example.org,4,Manager
396,Michelle,Pierce,amandamcfarland@example.org,2,Tax Specialist
397,Zoe,Reyes,gallowaymichael@example.com,1,Tax Specialist
398,April,Foster,emilycole@example.com,3,Tax Specialist
399,Shannon,Raymond,youngtiffany@example.com,5,Tax Specialist
400,John,Clark,joe81@example.com,2,HR Coordinator
401,Mark,Cooley,laurataylor@example.net,2,Intern
402,Carlos,Ramirez,angelicawalker@example.org,1,Senior Accountant
403,Daniel,Warner,mark70@example.com,4,Tax Specialist
404,Cody,Jordan,marissa36@example.net,5,HR Coordinator
405,Sandra,Lopez,martinangela@example.com,4,Tax Specialist
406,William,Byrd,seanclark@example.com,1,Intern
407,Catherine,Davis,luisarnold@example.com,2,Tax Specialist
408,Jason,Woods,katrina03@example.net,5,Manager
409,Jennifer,Long,katherine59@example.org,4,Manager
410,Wanda,Fernandez,marcmorris@example.org,1,Senior Accountant
411,Michael,Dean,nicholas80@example.org,1,HR Coordinator
412,Jamie,Walker,steven31@example.net,3,Auditor
413,Breanna,Whitaker,melissa52@example.org,1,Financial Analyst
414,Julie,Underwood,brendansummers@example.net,2,Senior Accountant
415,Ryan,Gordon,jonathancole@example.net,2,Financial Analyst
416,Patrick,Wells,stokestimothy@example.com,5,HR Coordinator
417,Stephanie,Hill,lisa00@example.net,5,Manager
418,Robert,Ramirez,william11@example.com,5,HR Coordinator
419,Lauren,Blankenship,tiffanyduran@example.net,3,Manager
420,Cynthia,Sawyer,cbyrd@example.org,4,Auditor
421,Samuel,Anderson,sharonbrowning@example.net,5,Tax Specialist
422,Brandi,Gomez,pettylee@example.net,3,Tax Specialist
423,Mark,Mitchell,christina20@example.com,2,Intern
424,Anita,Hughes,vanessasanchez@example.com,5,HR Coordinator
425,Richard,Singh,kgonzalez@example.org,5,Tax Specialist
426,Jonathan,Schroeder,anna99@example.net,4,Intern
427,Mark,Santana,amy00@example.com,5,Intern
428,Sharon,Thomas,bryan95@example.org,5,Senior Accountant
429,Timothy,Chen,anthony44@example.net,4,Financial Analyst
430,Elizabeth,Martin,kathleenlewis@example.net,3,Tax Specialist
431,Brandon,Peters,christinehenderson@example.org,2,Manager
432,Joseph,Henderson,newtonmegan@example.net,5,HR Coordinator
433,Taylor,Howard,james76@example.org,5,Financial Analyst
434,Ronnie,Nelson,gail42@example.com,3,Financial Analyst
435,Amy,Payne,william15@example.org,3,Manager
436,Ryan,Myers,feliciafrank@example.org,4,Manager
437,Susan,Wood,anthony22@example.net,1,Manager
438,Angela,Shepherd,dreed@example.com,3,Manager
439,Susan,Martinez,freemanjoshua@example.com,5,Intern
440,Sharon,Molina,kristencollins@example.net,1,Tax Specialist
441,Connor,Novak,thompsonsabrina@example.com,1,Senior Accountant
442,Brandon,Potts,pcooley@example.net,5,Manager
443,Carlos,Burch,raymondross@example.org,4,Auditor
444,Richard,Hayes,cassandrahendrix@example.org,3,HR Coordinator
445,Gregory,Morales,anna45@example.net,1,Intern
446,Krista,Barnes,lowerydana@example.net,5,Financial Analyst
447,Amy,Johnson,amandafreeman@example.org,4,Financial Analyst
448,Joseph,Bauer,michael40@example.com,4,HR Coordinator
449,Nicholas,Castillo,leonardpatrick@example.com,5,Manager
450,Samuel,Lopez,stephanie48@example.net,1,Auditor
451,Andrea,Hill,sclark@example.com,4,Intern
452,Danielle,Smith,mccoyrobert@example.org,4,Intern
453,Annette,Espinoza,william42@example.com,1,Manager
454,Gerald,Hughes,jordanjill@example.com,5,Senior Accountant
455,Barbara,Strickland,joysmith@example.com,1,Auditor
456,Ana,Morrison,masonkristen@example.com,4,HR Coordinator
457,Regina,Hansen,eschwartz@example.org,1,Intern
458,Steven,Bradley,shawn99@example.com,5,Intern
459,Melissa,Young,richsabrina@example.com,4,Tax Specialist
460,Adam,Mcguire,michael29@example.net,3,Intern
461,Grant,Davidson,valerieestrada@example.com,5,Staff Accountant
462,Tiffany,Williams,hickmanrobert@example.net,1,Manager
463,Lindsay,Lewis,patrick27@example.org,5,Intern
464,Sheena,Floyd,thall@example.net,5,Senior Accountant
465,Jennifer,Bailey,dwoods@example.org,4,Staff Accountant
466,Leslie,Ryan,bmatthews@example.org,2,Staff Accountant
467,Christopher,Ortiz,cody08@example.net,1,Auditor
468,Robert,Miller,wagnerdavid@example.com,3,Tax Specialist
469,Jack,Patel,dustin09@example.com,4,Senior Accountant
470,Alexandria,Thompson,vlang@example.com,3,Auditor
471,Zoe,Gay,mary08@example.org,4,Tax Specialist
472,James,Taylor,michellecarter@example.com,3,Tax Specialist
473,Colin,Johnson,jeffrey77@example.org,4,Staff Accountant
474,Regina,Erickson,nperez@example.com,1,Auditor
475,Gregory,Myers,kstephenson@example.org,1,Manager
476,Katherine,Sullivan,hstrickland@example.net,1,Manager
477,Melanie,Wright,danielcampbell@example.net,4,Manager
478,John,Hunter,kelly25@example.com,3,Auditor
479,John,Rogers,ogibson@example.net,5,HR Coordinator
480,Andrew,Figueroa,robersonlisa@example.org,4,HR Coordinator
481,Jeffery,Ramirez,kari85@example.com,3,Auditor
482,Brittany,Bailey,bryanharris@example.net,2,Financial Analyst
483,Mark,Martin,michaelharris@example.com,5,Financial Analyst
484,Michael,Kelley,brianmcintyre@example.com,5,Manager
485,Colin,Thomas,vwolfe@example.org,3,Manager
486,James,Colon,laurenarnold@example.com,4,HR Coordinator
487,Eric,Mullen,emily64@example.com,4,Senior Accountant
488,Jack,Sanchez,ryan21@example.com,1,HR Coordinator
489,David,Williams,marybean@example.org,4,Intern
490,Luke,Walton,john62@example.org,3,Staff Accountant
491,Russell,Bush,joshuameyer@example.com,1,Manager
492,Tammy,Young,samuel79@example.com,1,Auditor
493,Robert,Sweeney,jennifer19@example.net,2,Staff Accountant
494,Katherine,Gonzalez,jessetaylor@example.net,5,Tax Specialist
495,Megan,Simpson,michael50@example.net,5,Senior Accountant
496,Brenda,Morgan,summerjohnson@example.net,2,Manager
497,Renee,Bowman,christianmorgan@example.com,2,Auditor
498,Sara,Hendrix,whitejennifer@example.com,1,HR Coordinator
499,James,Garcia,victorhale@example.net,1,Manager
500,Elizabeth,Davis,chavezbrittany@example.net,4,Financial Analyst
501,Jenna,Morgan,singhsamuel@example.org,3,Manager
502,Laura,Gardner,allenmegan@example.net,4,Senior Accountant
503,Karen,Lewis,jonathancook@example.net,1,Auditor
504,Troy,Mcgee,derrickcolon@example.org,2,Financial Analyst
505,Lisa,Alvarez,johnny08@example.com,4,Manager
506,Brittany,Wilson,anitavelez@example.com,5,Intern
507,Jennifer,Mason,thomaskevin@example.org,2,Staff Accountant
508,Thomas,Lewis,cmcdonald@example.com,1,Intern
509,Mark,Underwood,briangarcia@example.com,2,Tax Specialist
510,Robert,Russell,walkerjoshua@example.com,2,Manager
511,Daniel,Sherman,johnstondavid@example.net,4,Auditor
512,April,Rivera,nwilliams@example.net,5,Tax Specialist
513,Kevin,Williams,jacobblack@example.com,2,Intern
514,Cory,Jackson,efloyd@example.com,2,Financial Analyst
515,Douglas,Potts,pamela87@example.org,4,Financial Analyst
516,Cheryl,Morris,khansabrina@example.com,5,Intern
517,Helen,Sexton,tgray@example.org,3,Manager
518,Mario,Thomas,mtorres@example.net,2,Auditor
519,Renee,Stewart,goodmankimberly@example.com,2,Staff Accountant
520,David,Taylor,qhernandez@example.org,1,Intern
521,Hector,Williams,sarahwilliams@example.org,5,Auditor
522,Jonathan,Bailey,coopergregory@example.net,1,Manager
523,Tyler,Young,bthomas@example.com,3,Financial Analyst
524,Corey,Smith,michelle69@example.org,1,Staff Accountant
525,David,Lowery,williamsonstacey@example.org,4,Staff Accountant
526,Alyssa,Jones,meganbaker@example.org,1,Auditor
527,Jerry,Morris,sanchezjack@example.org,3,Tax Specialist
528,Cody,Spears,brenda18@example.net,1,Intern
529,Kathy,Reyes,yjones@example.org,2,HR Coordinator
530,Desiree,Avery,xmiller@example.org,2,Tax Specialist
531,Danielle,Young,joannetucker@example.com,4,Manager
532,Jacqueline,Diaz,allisonbenjamin@example.com,2,Manager
533,Alejandra,Hall,william52@example.net,3,Senior Accountant
534,Rebecca,Charles,brian98@example.com,1,Senior Accountant
535,Roberta,Jones,floydshirley@example.net,1,Financial Analyst
536,Andrew,Wyatt,erica18@example.net,3,Manager
537,Tanya,White,jacksonanna@example.com,5,HR Coordinator
538,Allison,Richardson,ortizjacqueline@example.net,5,Auditor
539,Jennifer,Brady,westmichael@example.net,2,Auditor
540,Jennifer,Ortega,bondjose@example.com,3,Staff Accountant
541,Emma,Hall,daviskelly@example.com,5,Intern
542,Christopher,Moore,catherinewilliams@example.org,1,Intern
543,Lucas,Young,shawchristian@example.net,3,Staff Accountant
544,Jimmy,Campbell,davidgerald@example.net,1,Tax Specialist
545,Kristine,Kline,vincentjones@example.net,3,Intern
546,Anthony,Rivera,juliecrawford@example.net,3,Financial Analyst
547,Susan,Davis,warddaniel@example.net,3,HR Coordinator
548,Andrew,Jackson,ubishop@example.net,3,Manager
549,Jonathan,Oliver,martha25@example.net,4,HR Coordinator
550,Erica,Cameron,sramos@example.com,5,Manager
551,Kevin,Ramirez,amack@example.com,5,Intern
552,Erin,Bolton,craigallen@example.com,3,Senior Accountant
553,Diane,Hayes,christopherbauer@example.net,3,Staff Accountant
554,Leroy,Smith,yespinoza@example.net,2,Tax Specialist
555,Logan,Lewis,wileyanthony@example.org,5,Senior Accountant
556,Mark,Johnson,robinsonkyle@example.net,4,Intern
557,Roy,Diaz,scottdorothy@example.net,2,Senior Accountant
558,Zachary,Pratt,kimwilson@example.org,5,Staff Accountant
559,John,Rodriguez,jenkinsdonald@example.com,3,HR Coordinator
560,Jessica,Spencer,rjordan@example.net,2,Intern
561,Ray,Perez,uclark@example.org,2,Staff Accountant
562,Melissa,Erickson,lrogers@example.net,4,Manager
563,Kristi,Ball,steven85@example.com,2,Intern
564,Jasmine,Grant,bakerdiana@example.org,2,Senior Accountant
565,Miguel,Walker,youngcody@example.org,2,Financial Analyst
566,Nicholas,Moore,sharvey@example.org,2,Manager
567,Melanie,Allen,kathyanderson@example.org,1,Financial Analyst
568,Alexander,Jacobs,smithrachel@example.org,3,Financial Analyst
569,Sara,Johnson,fhayes@example.net,2,Financial Analyst
570,Bianca,Jennings,wallsteven@example.org,4,Auditor
571,Kayla,Nielsen,sarapage@example.net,1,HR Coordinator
572,Shelby,Shepherd,charlesbrown@example.org,1,HR Coordinator
573,Kenneth,Wilson,randallvictoria@example.org,2,Auditor
574,Shaun,Livingston,rogerscott@example.com,1,Senior Accountant
575,Sean,Contreras,jennifer21@example.org,5,Senior Accountant
576,Mark,Garcia,lisa93@example.net,4,Auditor
577,Emily,Chen,kevinbrown@example.net,2,Auditor
578,Pamela,Ellis,tmiller@example.com,2,Auditor
579,Kimberly,Martinez,virginiabonilla@example.com,4,Staff Accountant
580,Susan,Moreno,becky18@example.net,5,Auditor
581,Matthew,Trujillo,nelsonkimberly@example.net,4,Manager
582,Karen,Edwards,stevenreyes@example.net,4,Financial Analyst
583,Ariana,Anderson,markwalker@example.net,4,Auditor
584,Erika,Jackson,shawncarney@example.com,3,Auditor
585,Christian,Hall,shudson@example.org,1,Tax Specialist
586,Gregory,Rosario,antoniojohnson@example.org,2,Manager
587,James,Walker,stephanie01@example.com,1,Tax Specialist
588,Mariah,Vega,garybrown@example.net,3,Senior Accountant
589,Lauren,Oneill,colemichelle@example.net,5,Financial Analyst
590,Ryan,Reynolds,tylerjackson@example.net,2,Tax Specialist
591,William,Gray,keithjackson@example.org,1,Intern
592,Mitchell,Williams,bowenwilliam@example.org,2,Financial Analyst
593,William,Hanson,ymartin@example.org,3,Financial Analyst
594,Rachel,Santiago,angela09@example.org,3,Auditor
595,Michelle,King,jacobstanley@example.org,2,Financial Analyst
596,Larry,Scott,kgraves@example.net,4,Auditor
597,Miguel,Chung,juliehernandez@example.com,5,Auditor
598,Johnny,Jones,heather18@example.net,5,Auditor
599,Patrick,Young,tmorris@example.com,3,Senior Accountant
600,Matthew,Williams,cory86@example.net,1,Intern
601,Kathryn,Allen,pthomas@example.net,5,HR Coordinator
602,Edward,Shannon,woodrandy@example.com,5,Intern
603,Marcus,Singh,tdouglas@example.net,4,HR Coordinator
604,James,Hunter,ashley67@example.com,1,Manager
605,Gerald,Ryan,kgarrett@example.net,4,Financial Analyst
606,Luis,Cherry,evelasquez@example.net,4,Manager
607,Karen,James,poneill@example.org,2,Staff Accountant
608,Joshua,Hayes,caitlin03@example.net,4,Staff Accountant
609,Laura,Adams,maria63@example.com,2,Tax Specialist
610,Michelle,Macias,ecox@example.org,5,Auditor
611,Derrick,Moore,hpeterson@example.org,5,Auditor
612,Melissa,Mathews,melissadixon@example.net,5,Staff Accountant
613,Denise,Henry,dianemclaughlin@example.net,3,Senior Accountant
614,Mark,Martin,jenniferchavez@example.com,5,HR Coordinator
615,Linda,Gillespie,goldenanthony@example.com,2,Staff Accountant
616,Barbara,Price,evanscarla@example.com,4,Staff Accountant
617,Joe,Montoya,mcdonalderika@example.org,1,HR Coordinator
618,Amanda,Montgomery,anthonynguyen@example.org,3,Financial Analyst
619,Vickie,French,jasonzavala@example.net,1,Intern
620,Jesse,Price,barbarasmith@example.net,3,Auditor
621,Emily,Wright,ywebster@example.com,5,Financial Analyst
622,Nicole,French,joshuaellis@example.net,5,Intern
623,Matthew,Quinn,jilltrujillo@example.com,2,Senior Accountant
624,Dominique,Miller,nbaker@example.com,2,Financial Analyst
625,Peggy,Mason,tyler65@example.com,2,Staff Accountant
626,Cynthia,Baird,robertsjeremy@example.net,5,Auditor
627,Scott,Garcia,jeffreymartin@example.net,3,Tax Specialist
628,David,Foster,zandrews@example.com,2,Auditor
629,Elizabeth,Clark,mcdonalddennis@example.com,1,Staff Accountant
630,Nicole,Leach,ashleyvaldez@example.net,3,Senior Accountant
631,Steve,Fuentes,matthew52@example.net,2,HR Coordinator
632,Richard,Wiggins,rachel86@example.org,2,Financial Analyst
633,Paula,Smith,rogersdanielle@example.com,5,Staff Accountant
634,Kenneth,Salazar,davidmartinez@example.org,5,Auditor
635,Eric,Juarez,troy20@example.net,4,Intern
636,Victoria,Davis,youngwilliam@example.org,5,Senior Accountant
637,Tyler,Sutton,kleinpatricia@example.net,5,Manager
638,Kristin,Williams,janet15@example.net,4,Intern
639,Jeffrey,Fletcher,racheljones@example.com,1,HR Coordinator
640,Jeffery,Thompson,nelsonmike@example.net,1,Intern
641,Zachary,Middleton,benjamin73@example.org,3,Financial Analyst
642,Heather,Huerta,xsmith@example.org,3,HR Coordinator
643,Ian,Clarke,russellporter@example.com,3,Tax Specialist
644,Justin,Anderson,gomezjohn@example.org,4,Tax Specialist
645,Kyle,Underwood,michaelpowell@example.com,3,Senior Accountant
646,Amanda,Martin,corey74@example.net,1,Auditor
647,Amanda,Mcconnell,tracy58@example.org,4,Financial Analyst
648,Matthew,Reyes,jeffreymitchell@example.net,5,Financial Analyst
649,Austin,Gomez,stevensims@example.net,5,Auditor
650,Samuel,Green,tammy23@example.net,4,Tax Specialist
651,Jasmine,Edwards,mendozabradley@example.org,4,Senior Accountant
652,Leslie,Crawford,sanchezkathleen@example.com,1,Staff Accountant
653,Danielle,Kennedy,jcamacho@example.org,5,Tax Specialist
654,Julian,Martinez,gwalton@example.org,3,Manager
655,Shane,Hurley,ricedavid@example.net,4,Auditor
656,Nicole,Olsen,jessica66@example.net,1,Manager
657,Timothy,Carr,kelleylawrence@example.net,1,HR Coordinator
658,Kathleen,Pineda,martinezangela@example.net,4,HR Coordinator
659,Larry,Gibson,emma74@example.org,2,Staff Accountant
660,Robert,Smith,sara52@example.com,1,Tax Specialist
661,Susan,Martinez,kendragarcia@example.org,2,Auditor
662,Samantha,Owens,pmartin@example.com,1,Intern
663,Michael,Reed,richardshaw@example.com,2,Intern
664,Felicia,Mann,kevinoliver@example.org,4,Staff Accountant
665,Shawn,Baker,matthewleonard@example.net,1,Staff Accountant
666,Richard,Burton,tricia20@example.net,2,Financial Analyst
667,Robert,Conway,sarahweber@example.net,1,Staff Accountant
668,Elizabeth,Parrish,cruzalexander@example.net,3,Staff Accountant
669,Kyle,Lewis,rriley@example.org,3,Manager
670,Peter,Phillips,xkelly@example.org,3,Auditor
671,Elizabeth,Wolf,cliffordpatterson@example.com,4,HR Coordinator
672,Derrick,Carroll,charleswilliams@example.com,4,Intern
673,Joshua,Rodriguez,teresa82@example.net,1,Senior Accountant
674,Stanley,Murphy,ochang@example.net,2,Auditor
675,Terrence,Davis,hannahjoseph@example.com,2,Senior Accountant
676,Dean,Stanley,imartin@example.org,4,Intern
677,Melissa,Miller,mitchellkathleen@example.org,5,Senior Accountant
678,John,Byrd,dwayne23@example.com,4,Senior Accountant
679,Patricia,Berry,lbarron@example.org,2,Intern
680,Randy,Montes,vbarber@example.org,2,Intern
681,Walter,Prince,amandasimmons@example.net,3,Manager
682,Clinton,Thompson,sherridavis@example.com,1,Auditor
683,Megan,Anderson,danielle04@example.com,5,Senior Accountant
684,Jennifer,Li,dpugh@example.org,5,Staff Accountant
685,Maria,Allen,ashley69@example.net,3,HR Coordinator
686,Katherine,Ashley,gracebuck@example.org,2,Staff Accountant
687,Andrea,Phillips,davidhall@example.com,5,Tax Specialist
688,Mario,Levy,ramirezhailey@example.com,5,Tax Specialist
689,William,Hughes,schneidersarah@example.org,5,Tax Specialist
690,Melinda,Howell,rroy@example.org,5,Financial Analyst
691,Michael,Davis,michaelmatthews@example.com,3,Staff Accountant
692,Jessica,Byrd,lori25@example.org,2,Tax Specialist
693,Shawn,Farrell,ldennis@example.com,5,Intern
694,Daniel,Doyle,william82@example.net,1,Financial Analyst
695,Mario,Miller,rwong@example.org,3,Senior Accountant
696,Angela,Barnes,david89@example.net,1,Intern
697,Jeremy,Holt,seth19@example.net,3,Auditor
698,Anthony,Oneal,ylane@example.com,5,Intern
699,Marie,Davis,bduncan@example.org,1,Senior Accountant
700,Sandra,Travis,patricklucas@example.org,4,Manager
701,Jordan,Dennis,robertpoole@example.com,3,Auditor
702,Shannon,Jones,ewarren@example.org,5,Senior Accountant
703,Melanie,Martinez,thomasthompson@example.net,3,Intern
704,Joshua,Waters,abigailwright@example.net,2,Auditor
705,Michelle,Kennedy,haustin@example.org,5,HR Coordinator
706,Michelle,Banks,estesnicole@example.org,3,Tax Specialist
707,Bryan,Johnson,cjohnson@example.org,4,Financial Analyst
708,Jennifer,Jones,aford@example.com,3,Senior Accountant
709,Brandy,Reyes,ashleydaniels@example.net,5,Intern
710,Mark,Mahoney,xjohnson@example.org,3,Staff Accountant
711,Marcus,Fuentes,greenneil@example.org,5,Tax Specialist
712,Ross,Chan,mhughes@example.org,1,Senior Accountant
713,Julia,Torres,ugarcia@example.org,3,Financial Analyst
714,Daniel,Peterson,vcardenas@example.net,2,HR Coordinator
715,Matthew,Peterson,kimberlykirk@example.com,5,Staff Accountant
716,Julie,Hays,youngtimothy@example.com,4,Senior Accountant
717,Nathaniel,Woods,rmurray@example.org,1,Auditor
718,Rebecca,Howard,tharvey@example.org,4,Staff Accountant
719,Austin,Howell,faith42@example.org,3,Financial Analyst
720,Aaron,Jimenez,beckjason@example.com,2,Intern
721,Melanie,Weaver,yangstephanie@example.com,5,Intern
722,Laura,Johnson,nhays@example.org,2,HR Coordinator
723,Tom,Phillips,udrake@example.org,4,Senior Accountant
724,Connie,Bennett,greenchad@example.com,5,Staff Accountant
725,Sabrina,Dickerson,dayrobert@example.com,2,Senior Accountant
726,Tanya,Wood,debrasweeney@example.net,4,Staff Accountant
727,Sara,Henry,floresjay@example.com,5,Tax Specialist
728,Cindy,Chang,benjamin38@example.com,2,Tax Specialist
729,Christian,Ramirez,nriley@example.org,3,Auditor
730,Amy,Rose,lmurphy@example.net,1,HR Coordinator
731,Amy,Harrison,torreskevin@example.org,4,Auditor
732,Steven,Powell,nguyenlori@example.org,2,Staff Accountant
733,Lauren,Mathis,heatherevans@example.com,1,Staff Accountant
734,Joseph,Robbins,sray@example.net,1,HR Coordinator
735,Gina,Lopez,tsmith@example.org,4,Auditor
736,David,Caldwell,christopher60@example.com,3,Tax Specialist
737,Henry,Durham,rmcgee@example.net,3,Senior Accountant
738,Shawn,Garcia,cody64@example.net,1,Auditor
739,Richard,Turner,parkdawn@example.com,2,Financial Analyst
740,Monica,Jackson,lisajones@example.com,2,Tax Specialist
741,Joseph,Oneal,schaeferbenjamin@example.net,1,Auditor
742,Robert,Brown,spencermelissa@example.net,2,Intern
743,Mark,Case,gonzalezsharon@example.net,2,Staff Accountant
744,Melissa,Esparza,cheryl87@example.com,1,Financial Analyst
745,Steven,Lewis,tabitha10@example.org,4,Staff Accountant
746,Christine,Rivers,fjohnson@example.com,1,HR Coordinator
747,Heather,Howard,vlove@example.com,3,Staff Accountant
748,Jill,Orozco,kimberlyhudson@example.com,3,Manager
749,Alyssa,Jarvis,jacksonbrian@example.net,1,Auditor
750,Nancy,Gill,darrellcervantes@example.org,1,Staff Accountant
751,William,Green,tina88@example.org,3,Staff Accountant
752,Margaret,Fisher,theresa85@example.net,4,Manager
753,Jody,Jackson,nlawson@example.net,3,Senior Accountant
754,Dale,Moss,jlarsen@example.com,2,Tax Specialist
755,Mark,Cruz,cynthia03@example.org,5,Manager
756,Maria,Turner,randylittle@example.com,3,Manager
757,Erin,Jefferson,jeremiahkennedy@example.net,1,Financial Analyst
758,John,Hall,qguerrero@example.org,3,Staff Accountant
759,Robert,Jones,melinda20@example.org,2,Senior Accountant
760,Susan,Robinson,william78@example.net,3,Tax Specialist
761,Erika,Simmons,hannahhall@example.org,5,Manager
762,Tiffany,Pope,fuentesbrent@example.net,1,HR Coordinator
763,Mario,Guzman,cassandra47@example.net,1,Manager
764,Jerry,Finley,joshua38@example.org,2,Financial Analyst
765,Carol,Ward,taylornancy@example.org,2,Financial Analyst
766,Alex,Bautista,pierceerin@example.com,3,Auditor
767,David,Silva,howard14@example.net,2,Manager
768,Gabriela,Benjamin,michael16@example.net,4,Financial Analyst
769,Alicia,Anderson,valdezalbert@example.org,1,Staff Accountant
770,Mason,Smith,villarrealjessica@example.org,2,Tax Specialist
771,Brian,Miller,fmiles@example.org,5,Manager
772,Tyler,Mills,ljohnson@example.com,3,HR Coordinator
773,Paula,Rivera,romerokathleen@example.net,1,Manager
774,Jonathan,Brown,katie32@example.org,4,Manager
775,Rachel,Phillips,daniel09@example.org,3,Auditor
776,Janet,Carrillo,zhangheather@example.net,2,Manager
777,Donald,Guzman,keith18@example.org,1,Manager
778,Gabriel,White,caitlin17@example.net,3,Auditor
779,Bryan,Craig,buchanancheryl@example.com,1,Financial Analyst
780,Shawn,Luna,rsims@example.org,1,Staff Accountant
781,Elizabeth,Webb,fstevenson@example.org,3,Financial Analyst
782,Troy,Smith,amandabowen@example.net,3,Financial Analyst
783,Mary,Evans,collinsclayton@example.com,3,Staff Accountant
784,Vicki,Schneider,richard32@example.com,5,Financial Analyst
785,Jennifer,Ware,johnstonsarah@example.net,1,Intern
786,Craig,Gilbert,rhodeskayla@example.net,2,Auditor
787,Joseph,Stevens,joseph15@example.org,3,Financial Analyst
788,Erica,Alexander,dwaynewilliams@example.org,5,Intern
789,Danny,Parker,maxwell94@example.org,4,Financial Analyst
790,Leonard,Caldwell,garciamichelle@example.org,3,Staff Accountant
791,Omar,Campbell,xmorrison@example.org,4,Manager
792,Kimberly,Stevens,elizabeth04@example.org,5,Auditor
793,Valerie,Hill,vnorris@example.net,2,Manager
794,Kimberly,Kane,monicaschwartz@example.org,2,Staff Accountant
795,Donna,Robertson,bryanhughes@example.net,3,Tax Specialist
796,Anthony,Singleton,jonathandaniels@example.org,1,Auditor
797,Anthony,Morales,taylorjonathan@example.org,4,Intern
798,Sheila,Noble,edurham@example.org,2,Auditor
799,Charles,Ramirez,ycastillo@example.org,5,Staff Accountant
800,Ricky,Griffin,hfranklin@example.net,4,Staff Accountant
801,Cheyenne,Arnold,wrightmichelle@example.com,1,Financial Analyst
802,Ian,Smith,scottveronica@example.net,3,Financial Analyst
803,Harold,Jones,sandra58@example.com,4,Staff Accountant
804,Matthew,Smith,jennifer21@example.net,1,Intern
805,Destiny,Douglas,velasquezleslie@example.net,5,Senior Accountant
806,Andrew,Bishop,michellewalsh@example.com,4,Auditor
807,Joanne,Johnson,jsaunders@example.org,3,Manager
808,Tammie,Andersen,paul72@example.org,2,Financial Analyst
809,Paula,Quinn,uvasquez@example.net,4,Senior Accountant
810,Christine,Carroll,evankelly@example.com,2,Senior Accountant
811,Donald,Perez,jessicadennis@example.org,2,Auditor
812,Jason,Espinoza,jgilbert@example.org,1,HR Coordinator
813,Jonathan,Miller,aalvarez@example.net,5,Financial Analyst
814,Walter,Parks,wbryant@example.com,2,Tax Specialist
815,Jeffrey,Myers,linda54@example.com,2,Intern
816,Jon,Vazquez,judithcampos@example.com,4,Staff Accountant
817,Heather,Carter,hallmichael@example.net,2,Auditor
818,Christina,Williams,weaverkyle@example.org,2,Financial Analyst
819,Craig,Owen,wgonzales@example.net,4,Auditor
820,Megan,Perry,walter49@example.com,4,Manager
821,Christopher,Barker,julia51@example.net,3,Tax Specialist
822,Alexander,Watson,imoore@example.org,4,Senior Accountant
823,John,Williams,hillthomas@example.com,3,Auditor
824,Michael,Dyer,christopher41@example.net,4,Tax Specialist
825,Kathryn,Espinoza,vstanley@example.com,1,Intern
826,Tamara,Hall,websterashley@example.net,1,Staff Accountant
827,Desiree,Torres,millerkimberly@example.org,2,HR Coordinator
828,Sandra,Mcdaniel,murillowendy@example.org,5,Financial Analyst
829,Donna,Robinson,allendawn@example.com,5,Auditor
830,Eric,Henderson,david16@example.com,5,Auditor
831,Carla,King,palmerchristian@example.com,1,Senior Accountant
832,William,Shaffer,davisamanda@example.net,3,Tax Specialist
833,Jonathan,Rowland,mfleming@example.com,5,Senior Accountant
834,Joseph,Rosario,lcarr@example.org,3,Auditor
835,Michael,Ramirez,jimmyherman@example.net,2,Intern
836,Jamie,Bond,jgonzales@example.com,2,Intern
837,Teresa,Jimenez,paulholt@example.net,3,HR Coordinator
838,Brenda,Ruiz,lynchanna@example.com,2,Senior Accountant
839,Kevin,Reynolds,andersonkelly@example.net,1,Manager
840,Michelle,Roberts,jennifer97@example.net,1,Senior Accountant
841,Thomas,Ward,rbrown@example.com,2,Financial Analyst
842,Morgan,Walls,qramsey@example.net,4,Tax Specialist
843,Benjamin,Dawson,urobinson@example.net,5,Staff Accountant
844,Megan,Villanueva,connerbrian@example.org,1,Manager
845,Cynthia,Knight,zarellano@example.com,4,Staff Accountant
846,Robert,Hawkins,cameronmelton@example.org,3,Auditor
847,Anthony,Boone,klowe@example.com,1,Staff Accountant
848,Troy,Schroeder,kyle26@example.org,1,Senior Accountant
849,Anna,Barry,lindaanderson@example.org,4,Intern
850,Catherine,Wilson,qerickson@example.net,5,Intern
851,Kyle,Jackson,glenn83@example.com,3,Manager
852,Holly,Carter,davilalisa@example.net,3,Tax Specialist
853,Zachary,Chandler,gregory74@example.org,4,Intern
854,Kimberly,Martinez,markdalton@example.net,4,Financial Analyst
855,Caleb,Stephenson,thomasalvarado@example.com,1,Intern
856,Eric,Odonnell,bjohnson@example.com,1,Intern
857,Justin,Taylor,jasonstephens@example.net,3,Financial Analyst
858,Paul,Ortiz,timothyrivas@example.com,1,Staff Accountant
859,James,Jimenez,lanejoshua@example.org,3,HR Coordinator
860,Julie,Ferguson,gcarter@example.com,5,Financial Analyst
861,Christopher,Gomez,justin19@example.net,5,Auditor
862,Chad,Arias,zfernandez@example.com,2,Intern
863,James,Johnson,gordonjames@example.com,4,Auditor
864,Laura,Gray,evargas@example.net,4,Senior Accountant
865,Richard,Wiggins,veronicajohnson@example.org,2,Financial Analyst
866,Catherine,Castro,angelahunter@example.net,1,Tax Specialist
867,Scott,Lewis,denisechapman@example.net,1,Manager
868,Justin,Good,asmith@example.net,4,Intern
869,Sarah,Ellis,alexis83@example.com,5,Tax Specialist
870,Ronald,Hampton,haydenpatricia@example.org,2,Auditor
871,Diana,Warren,hillkevin@example.org,3,Manager
872,Darrell,Walker,wwillis@example.org,2,Staff Accountant
873,Denise,Vasquez,wrogers@example.org,2,Senior Accountant
874,Alyssa,Myers,carolynwright@example.net,1,Auditor
875,John,Johnson,karlaramos@example.org,5,Senior Accountant
876,Daniel,Nelson,cbarnes@example.org,1,Staff Accountant
877,Sharon,Miller,porterdavid@example.net,3,HR Coordinator
878,Marie,Gutierrez,mlyons@example.com,2,Manager
879,Christopher,Olson,hodgekimberly@example.com,4,HR Coordinator
880,Stephanie,Stewart,burkeandrew@example.org,4,Auditor
881,William,Gonzalez,stonemorgan@example.org,2,Financial Analyst
882,Curtis,Nixon,pwolfe@example.org,1,HR Coordinator
883,Stephanie,Randall,ashleeriley@example.com,2,Tax Specialist
884,Bruce,Morris,kristinasavage@example.org,2,Senior Accountant
885,Dylan,Roberts,jacobray@example.org,5,Intern
886,Garrett,Moss,awalsh@example.com,4,Staff Accountant
887,Daniel,Diaz,richard64@example.net,1,Senior Accountant
888,Seth,Vasquez,lisawilliams@example.org,4,Auditor
889,Eric,Phillips,donald84@example.com,5,Financial Analyst
890,Robert,Taylor,hwilliams@example.net,2,Financial Analyst
891,Ronald,Pugh,kruegervincent@example.com,5,Manager
892,Andrew,Wright,hollythompson@example.com,4,Financial Analyst
893,Kevin,Snow,irwinjoseph@example.net,3,Auditor
894,Cameron,Houston,greg78@example.com,2,Staff Accountant
895,Rebekah,Hill,fieldsaaron@example.com,3,Staff Accountant
896,Courtney,Walsh,bfoster@example.com,5,Financial Analyst
897,Alejandro,Hunter,esilva@example.org,1,Tax Specialist
898,Jonathan,Fuentes,emckee@example.org,2,Auditor
899,Evan,Campbell,collinsmicheal@example.com,4,Manager
900,Brian,Chen,copelandchristopher@example.org,5,Staff Accountant
901,Michael,Lam,kinglatoya@example.org,2,Senior Accountant
902,Susan,Ortiz,porternathan@example.net,2,Auditor
903,Matthew,Lyons,tiffanylittle@example.com,1,Intern
904,Stephanie,Brewer,david84@example.net,4,HR Coordinator
905,Mark,Collins,xortiz@example.org,4,Tax Specialist
906,John,Fletcher,gabriel73@example.net,1,Tax Specialist
907,Deborah,Friedman,joshua54@example.org,3,Financial Analyst
908,Christopher,Velasquez,thomasjenkins@example.com,1,Intern
909,Jennifer,Alvarado,jacobrobinson@example.org,3,Auditor
910,Vanessa,Lawson,dhenderson@example.org,5,Senior Accountant
911,Laurie,Campbell,hughesandrea@example.com,4,Manager
912,Randy,Conner,xmurphy@example.com,4,Staff Accountant
913,Jeffrey,Rivas,martinezbradley@example.net,5,HR Coordinator
914,Erin,Matthews,rodriguezstacey@example.net,3,Staff Accountant
915,Samantha,Andrews,stewartgregory@example.com,3,Senior Accountant
916,Abigail,Shaffer,ronald29@example.net,4,Manager
917,Christina,Tucker,lisa48@example.net,4,Manager
918,Jason,Garcia,mary84@example.net,3,Tax Specialist
919,Scott,Mccoy,ifields@example.com,3,Financial Analyst
920,Jimmy,Ellis,lee39@example.com,5,Senior Accountant
921,Reginald,Santos,aclark@example.org,2,Auditor
922,Kyle,Burns,brandon12@example.com,5,Auditor
923,Kathryn,West,kaylawilliams@example.net,3,HR Coordinator
924,Philip,Ali,jill80@example.org,1,Financial Analyst
925,John,Evans,bryangarcia@example.net,2,Staff Accountant
926,Daniel,Humphrey,lmontoya@example.org,1,Auditor
927,Brenda,Lopez,allenrobert@example.org,1,Staff Accountant
928,Elizabeth,Osborne,matthewayers@example.net,3,Tax Specialist
929,Henry,Morgan,fyoung@example.com,4,Manager
930,Jasmine,Davis,lisatorres@example.org,2,Financial Analyst
931,Alex,Brock,dcarrillo@example.org,2,Intern
932,Mary,Torres,qwagner@example.org,3,Auditor
933,Cameron,Wilson,dylan79@example.org,2,Manager
934,Mark,Hanna,uscott@example.org,2,Auditor
935,Morgan,Underwood,davidhowell@example.com,3,Tax Specialist
936,Johnny,Jensen,chill@example.org,1,Auditor
937,Melissa,Evans,martinezcassandra@example.com,1,Financial Analyst
938,Christopher,Robertson,robertroberts@example.net,3,Intern
939,Caroline,Hendrix,amy38@example.net,4,Auditor
940,Wendy,Lewis,jeffery45@example.net,1,Financial Analyst
941,Steven,Burns,loganolson@example.com,5,Senior Accountant
942,Scott,Fry,kristi40@example.net,2,Tax Specialist
943,Katherine,Gardner,henryhenderson@example.net,5,Staff Accountant
944,Mariah,Parsons,kayla87@example.net,5,Auditor
945,Cameron,Caldwell,sholt@example.com,4,Financial Analyst
946,Patrick,Price,gregory21@example.net,3,Manager
947,Diane,Hebert,shawnmoore@example.com,3,HR Coordinator
948,Jesse,Robles,michael19@example.com,4,Senior Accountant
949,Katherine,Hoffman,tammy58@example.com,5,Auditor
950,Michael,Michael,jamesbennett@example.com,2,HR Coordinator
951,Kelsey,Pruitt,oswanson@example.com,5,Senior Accountant
952,Maria,Cardenas,maria13@example.net,2,Financial Analyst
953,Lisa,Griffin,igarza@example.org,5,Manager
954,Rebecca,Baxter,whodge@example.com,5,Intern
955,Linda,Hudson,lhall@example.com,5,Staff Accountant
956,Abigail,Stark,cunninghampaul@example.com,2,Auditor
957,Amber,Smith,kpowell@example.org,2,HR Coordinator
958,Sharon,Cook,martinwolfe@example.net,4,Senior Accountant
959,Kelsey,Sanchez,tara75@example.net,2,Tax Specialist
960,Robert,Sanders,ogonzalez@example.org,3,Manager
961,Rebecca,Watts,cathy41@example.com,3,Financial Analyst
962,Anna,Johnson,mcampbell@example.org,4,Intern
963,Daniel,Hayes,greenbenjamin@example.com,4,Staff Accountant
964,Crystal,Stokes,luis53@example.org,2,Tax Specialist
965,Kimberly,Skinner,angela33@example.net,4,HR Coordinator
966,Allen,George,david33@example.org,5,Intern
967,Sarah,Sullivan,tammyrosales@example.net,5,Auditor
968,Richard,Flores,rowlandangela@example.net,4,Manager
969,James,Brady,fmartinez@example.com,5,Intern
970,Andrew,Martinez,nhoward@example.com,4,HR Coordinator
971,Louis,Vasquez,trevormiller@example.com,3,Auditor
972,Kim,Morris,jasminezavala@example.com,5,HR Coordinator
973,Danielle,Martin,davidhenry@example.com,1,Intern
974,Michael,Cooper,jennifer34@example.net,1,Tax Specialist
975,Katrina,Dudley,anngarcia@example.com,2,Tax Specialist
976,Randy,Mathews,mistylane@example.org,3,Intern
977,Joseph,Davis,johnsontroy@example.org,1,Manager
978,Teresa,Guzman,josephwatkins@example.com,5,Auditor
979,Melanie,King,kelseyjackson@example.org,4,Senior Accountant
980,Robert,Patterson,tstewart@example.net,5,Intern
981,Elizabeth,Clark,mary46@example.com,1,Intern
982,Cathy,Robbins,bcruz@example.com,5,Tax Specialist
983,Allen,Hendrix,lnelson@example.net,3,Intern
984,Robert,Jackson,bryancross@example.net,1,HR Coordinator
985,Thomas,Townsend,michele83@example.org,3,Manager
986,Mark,Gonzalez,jeffreyroberts@example.net,5,Senior Accountant
987,Brenda,Stephens,danielberry@example.org,2,Manager
988,Kimberly,Hale,townsendjessica@example.net,2,Auditor
989,Phillip,Potts,olsongavin@example.com,1,Staff Accountant
990,Christopher,Williams,larsondouglas@example.org,5,Manager
991,Randy,Wright,nunezvanessa@example.com,4,Tax Specialist
992,Danielle,Beltran,karlachambers@example.org,4,Auditor
993,Morgan,Abbott,tcasey@example.org,5,Auditor
994,Ryan,Campbell,william71@example.org,1,Financial Analyst
995,Rachel,Liu,kmercado@example.com,5,Manager
996,Michael,Harris,reidkimberly@example.org,4,Staff Accountant
997,Michael,Silva,emilydiaz@example.net,5,Financial Analyst
998,Paul,Winters,umoss@example.com,2,Tax Specialist
999,Victoria,Torres,nicole85@example.org,3,Staff Accountant
1000,Michael,Jones,castillochristopher@example.net,4,Manager
