1,466,UPDATE,departments,1130,2025-11-07 04:06:32.714050,Auto log 1
2,436,APPROVE,departments,1607,2025-11-12 06:34:32.714057,Auto log 2
3,787,APPROVE,assets,358,2025-11-19 10:24:32.714060,Auto log 3
4,212,UPDATE,bookkeeping,850,2025-10-18 18:06:32.714062,Auto log 4
5,380,INSERT,assets,1837,2025-10-11 19:21:32.714064,Auto log 5
6,75,APPROVE,liabilities,822,2025-10-10 01:32:32.714067,Auto log 6
7,199,APPROVE,transactions,1557,2025-09-21 01:32:32.714069,Auto log 7
8,269,UPDATE,departments,127,2025-11-02 12:38:32.714071,Auto log 8
9,388,APPROVE,transactions,1921,2025-09-14 17:59:32.714073,Auto log 9
10,192,UPDATE,bookkeeping,682,2025-11-17 11:02:32.714075,Auto log 10
11,223,DELETE,assets,935,2025-11-14 20:48:32.714077,Auto log 11
12,213,DELETE,expenses,266,2025-10-04 07:10:32.714079,Auto log 12
13,321,APPROVE,bookkeeping,287,2025-10-28 17:00:32.714081,Auto log 13
14,504,APPROVE,users,1928,2025-10-19 00:57:32.714083,Auto log 14
15,103,DELETE,transactions,1843,2025-09-13 01:08:32.714085,Auto log 15
16,862,INSERT,bookkeeping,302,2025-11-14 01:02:32.714086,Auto log 16
17,324,UPDATE,users,1453,2025-11-09 15:41:32.714088,Auto log 17
18,280,UPDATE,bookkeeping,1123,2025-10-30 07:25:32.714090,Auto log 18
19,494,APPROVE,liabilities,1426,2025-10-03 04:59:32.714092,Auto log 19
20,333,UPDATE,liabilities,107,2025-10-16 03:05:32.714094,Auto log 20
21,453,APPROVE,liabilities,1056,2025-10-28 09:26:32.714096,Auto log 21
22,78,UPDATE,transactions,775,2025-10-30 10:06:32.714097,Auto log 22
23,669,DELETE,departments,783,2025-09-18 18:36:32.714099,Auto log 23
24,987,APPROVE,departments,492,2025-11-14 00:39:32.714101,Auto log 24
25,486,INSERT,bookkeeping,1205,2025-10-31 07:14:32.714103,Auto log 25
26,334,UPDATE,transactions,1152,2025-10-15 09:19:32.714106,Auto log 26
27,818,INSERT,expenses,648,2025-11-08 03:06:32.714108,Auto log 27
28,134,DELETE,users,965,2025-10-23 02:26:32.714110,Auto log 28
29,124,APPROVE,departments,474,2025-10-29 20:22:32.714111,Auto log 29
30,526,INSERT,bookkeeping,1513,2025-11-15 12:04:32.714113,Auto log 30
31,448,UPDATE,departments,1524,2025-11-16 06:23:32.714115,Auto log 31
32,204,DELETE,users,1677,2025-11-10 16:07:32.714117,Auto log 32
33,681,DELETE,liabilities,1795,2025-11-03 04:29:32.714119,Auto log 33
34,198,UPDATE,liabilities,485,2025-11-19 23:25:32.714121,Auto log 34
35,564,APPROVE,transactions,1635,2025-10-27 07:35:32.714123,Auto log 35
36,45,UPDATE,transactions,1936,2025-10-19 06:13:32.714125,Auto log 36
37,355,DELETE,users,953,2025-10-17 13:57:32.714127,Auto log 37
38,31,DELETE,expenses,1826,2025-10-06 15:49:32.714129,Auto log 38
39,389,INSERT,bookkeeping,761,2025-09-27 13:54:32.714130,Auto log 39
40,209,UPDATE,expenses,1603,2025-09-22 09:35:32.714132,Auto log 40
41,414,UPDATE,bookkeeping,863,2025-09-25 10:20:32.714134,Auto log 41
42,982,APPROVE,transactions,1734,2025-11-20 11:41:32.714136,Auto log 42
43,481,INSERT,transactions,931,2025-11-08 05:40:32.714137,Auto log 43
44,308,APPROVE,liabilities,1712,2025-10-31 22:32:32.714139,Auto log 44
45,203,DELETE,users,1162,2025-11-01 16:46:32.714141,Auto log 45
46,262,APPROVE,transactions,919,2025-10-03 07:12:32.714143,Auto log 46
47,779,APPROVE,expenses,1081,2025-09-28 02:47:32.714145,Auto log 47
48,548,UPDATE,assets,290,2025-11-01 19:38:32.714146,Auto log 48
49,418,APPROVE,transactions,1837,2025-10-14 04:38:32.714148,Auto log 49
50,869,DELETE,departments,572,2025-10-11 16:27:32.714150,Auto log 50
51,778,UPDATE,users,1160,2025-11-02 00:14:32.714152,Auto log 51
52,631,INSERT,assets,520,2025-11-17 12:17:32.714154,Auto log 52
53,224,DELETE,users,816,2025-10-01 23:08:32.714155,Auto log 53
54,499,UPDATE,expenses,1629,2025-10-13 20:59:32.714157,Auto log 54
55,323,INSERT,bookkeeping,1404,2025-10-16 06:49:32.714159,Auto log 55
56,249,UPDATE,liabilities,1840,2025-10-05 22:11:32.714161,Auto log 56
57,653,APPROVE,users,1819,2025-09-12 20:29:32.714163,Auto log 57
58,406,INSERT,transactions,780,2025-09-13 15:19:32.714164,Auto log 58
59,83,APPROVE,bookkeeping,118,2025-11-10 10:46:32.714167,Auto log 59
60,602,APPROVE,users,1394,2025-11-09 22:23:32.714168,Auto log 60
61,733,INSERT,departments,1436,2025-11-05 10:30:32.714170,Auto log 61
62,243,INSERT,bookkeeping,642,2025-10-21 10:46:32.714172,Auto log 62
63,50,UPDATE,liabilities,814,2025-10-20 21:57:32.714174,Auto log 63
64,870,UPDATE,users,543,2025-10-04 15:02:32.714175,Auto log 64
65,749,INSERT,users,494,2025-10-01 17:32:32.714177,Auto log 65
66,401,UPDATE,departments,842,2025-10-07 22:54:32.714179,Auto log 66
67,496,DELETE,expenses,1375,2025-10-01 15:57:32.714181,Auto log 67
68,890,UPDATE,bookkeeping,1155,2025-09-23 19:37:32.714183,Auto log 68
69,247,UPDATE,users,391,2025-11-20 02:32:32.714184,Auto log 69
70,879,UPDATE,liabilities,1356,2025-10-20 00:48:32.714186,Auto log 70
71,925,INSERT,expenses,1122,2025-10-21 11:52:32.714188,Auto log 71
72,963,UPDATE,transactions,1403,2025-11-13 15:07:32.714190,Auto log 72
73,350,APPROVE,users,484,2025-11-11 20:00:32.714192,Auto log 73
74,315,INSERT,transactions,274,2025-11-14 20:35:32.714194,Auto log 74
75,779,INSERT,expenses,1986,2025-10-26 16:05:32.714195,Auto log 75
76,886,APPROVE,liabilities,634,2025-09-30 20:12:32.714197,Auto log 76
77,52,UPDATE,expenses,187,2025-11-10 01:43:32.714199,Auto log 77
78,958,APPROVE,bookkeeping,1127,2025-09-18 21:40:32.714201,Auto log 78
79,870,INSERT,assets,1649,2025-11-11 04:33:32.714203,Auto log 79
80,447,APPROVE,departments,1500,2025-09-19 01:22:32.714205,Auto log 80
81,332,DELETE,users,1927,2025-09-28 23:26:32.714206,Auto log 81
82,100,INSERT,transactions,159,2025-10-25 13:39:32.714208,Auto log 82
83,316,APPROVE,bookkeeping,1373,2025-10-19 20:24:32.714211,Auto log 83
84,39,DELETE,departments,267,2025-10-11 10:01:32.714213,Auto log 84
85,101,UPDATE,transactions,804,2025-10-19 11:56:32.714214,Auto log 85
86,961,INSERT,expenses,630,2025-11-15 07:20:32.714216,Auto log 86
87,934,DELETE,departments,984,2025-09-17 03:09:32.714218,Auto log 87
88,682,INSERT,departments,1511,2025-11-06 08:09:32.714220,Auto log 88
89,427,UPDATE,users,1920,2025-11-08 17:25:32.714222,Auto log 89
90,410,INSERT,liabilities,730,2025-10-31 19:09:32.714223,Auto log 90
91,921,APPROVE,departments,608,2025-10-16 01:41:32.714225,Auto log 91
92,332,UPDATE,bookkeeping,299,2025-10-03 13:37:32.714227,Auto log 92
93,578,DELETE,liabilities,1241,2025-10-10 01:39:32.714229,Auto log 93
94,7,INSERT,departments,1398,2025-10-02 01:37:32.714231,Auto log 94
95,389,DELETE,departments,662,2025-10-21 09:52:32.714233,Auto log 95
96,498,INSERT,departments,884,2025-10-18 09:46:32.714235,Auto log 96
97,990,UPDATE,liabilities,1492,2025-11-11 12:03:32.714237,Auto log 97
98,580,APPROVE,users,878,2025-10-24 09:27:32.714238,Auto log 98
99,6,DELETE,expenses,1089,2025-10-13 10:28:32.714240,Auto log 99
100,379,UPDATE,liabilities,1309,2025-10-31 01:47:32.714242,Auto log 100
101,262,APPROVE,assets,1723,2025-11-12 12:46:32.714244,Auto log 101
102,350,APPROVE,liabilities,721,2025-10-10 12:55:32.714245,Auto log 102
103,848,UPDATE,assets,1327,2025-10-27 02:21:32.714247,Auto log 103
104,197,UPDATE,departments,1943,2025-09-12 21:01:32.714249,Auto log 104
105,216,DELETE,users,636,2025-10-01 07:47:32.714251,Auto log 105
106,597,APPROVE,assets,773,2025-09-27 21:43:32.714252,Auto log 106
107,24,APPROVE,liabilities,1284,2025-09-16 02:15:32.714254,Auto log 107
108,599,INSERT,expenses,1983,2025-09-14 16:52:32.714256,Auto log 108
109,794,INSERT,users,220,2025-11-08 11:09:32.714258,Auto log 109
110,166,INSERT,bookkeeping,1533,2025-09-19 10:27:32.714260,Auto log 110
111,277,INSERT,expenses,439,2025-10-16 22:16:32.714262,Auto log 111
112,8,UPDATE,liabilities,456,2025-10-01 22:57:32.714263,Auto log 112
113,823,UPDATE,departments,276,2025-09-17 20:21:32.714265,Auto log 113
114,759,UPDATE,transactions,393,2025-10-24 21:54:32.714267,Auto log 114
115,596,APPROVE,assets,1091,2025-10-27 03:54:32.714269,Auto log 115
116,702,APPROVE,liabilities,1812,2025-10-26 21:37:32.714271,Auto log 116
117,70,APPROVE,departments,1633,2025-09-23 12:47:32.714272,Auto log 117
118,295,UPDATE,assets,946,2025-11-02 15:15:32.714274,Auto log 118
119,849,APPROVE,expenses,1454,2025-10-23 02:21:32.714276,Auto log 119
120,958,APPROVE,assets,203,2025-10-13 13:04:32.714278,Auto log 120
121,706,DELETE,liabilities,1601,2025-10-17 08:07:32.714279,Auto log 121
122,548,APPROVE,users,353,2025-10-23 16:02:32.714281,Auto log 122
123,361,INSERT,transactions,1463,2025-10-04 19:56:32.714283,Auto log 123
124,926,INSERT,bookkeeping,335,2025-09-26 21:40:32.714285,Auto log 124
125,674,APPROVE,assets,331,2025-11-10 11:12:32.714286,Auto log 125
126,465,DELETE,assets,1903,2025-11-11 17:24:32.714288,Auto log 126
127,470,APPROVE,expenses,184,2025-11-18 06:21:32.714290,Auto log 127
128,738,DELETE,users,1868,2025-10-26 20:41:32.714292,Auto log 128
129,638,UPDATE,assets,916,2025-09-25 19:20:32.714293,Auto log 129
130,971,INSERT,liabilities,1794,2025-09-13 05:25:32.714295,Auto log 130
131,73,DELETE,users,1011,2025-10-09 09:29:32.714297,Auto log 131
132,1000,APPROVE,liabilities,631,2025-10-20 19:30:32.714299,Auto log 132
133,811,DELETE,users,1031,2025-10-19 13:47:32.714301,Auto log 133
134,238,INSERT,expenses,902,2025-11-15 11:23:32.714303,Auto log 134
135,784,INSERT,users,1462,2025-10-07 09:55:32.714305,Auto log 135
136,453,UPDATE,bookkeeping,36,2025-10-09 06:41:32.714306,Auto log 136
137,789,INSERT,assets,1824,2025-10-30 13:39:32.714308,Auto log 137
138,308,APPROVE,expenses,916,2025-11-10 03:13:32.714310,Auto log 138
139,255,UPDATE,transactions,1013,2025-10-14 05:57:32.714312,Auto log 139
140,760,DELETE,bookkeeping,1392,2025-10-28 14:37:32.714314,Auto log 140
141,293,UPDATE,expenses,239,2025-10-24 19:13:32.714315,Auto log 141
142,937,INSERT,users,761,2025-11-18 01:11:32.714317,Auto log 142
143,497,DELETE,expenses,395,2025-11-01 15:48:32.714319,Auto log 143
144,459,UPDATE,bookkeeping,1130,2025-10-14 05:54:32.714321,Auto log 144
145,667,INSERT,transactions,159,2025-10-26 22:16:32.714322,Auto log 145
146,217,APPROVE,departments,119,2025-10-20 06:16:32.714324,Auto log 146
147,468,DELETE,transactions,1608,2025-11-15 11:31:32.714326,Auto log 147
148,179,UPDATE,transactions,1885,2025-11-08 18:55:32.714327,Auto log 148
149,904,DELETE,assets,688,2025-10-24 16:01:32.714329,Auto log 149
150,895,APPROVE,expenses,1057,2025-10-26 08:29:32.714331,Auto log 150
151,6,INSERT,expenses,1716,2025-11-01 11:17:32.714333,Auto log 151
152,874,INSERT,expenses,321,2025-10-30 00:12:32.714335,Auto log 152
153,713,APPROVE,users,1617,2025-10-15 03:16:32.714337,Auto log 153
154,825,UPDATE,users,1382,2025-11-10 15:25:32.714338,Auto log 154
155,540,INSERT,users,866,2025-10-15 20:56:32.714340,Auto log 155
156,632,UPDATE,transactions,547,2025-11-17 18:16:32.714342,Auto log 156
157,95,UPDATE,bookkeeping,1561,2025-10-19 19:09:32.714344,Auto log 157
158,127,APPROVE,transactions,1989,2025-10-08 09:44:32.714345,Auto log 158
159,300,INSERT,expenses,438,2025-10-27 17:49:32.714347,Auto log 159
160,613,INSERT,bookkeeping,102,2025-11-05 13:54:32.714349,Auto log 160
161,717,APPROVE,departments,741,2025-09-13 10:17:32.714351,Auto log 161
162,988,UPDATE,bookkeeping,1175,2025-10-22 10:29:32.714353,Auto log 162
163,904,INSERT,assets,1373,2025-10-13 20:49:32.714354,Auto log 163
164,923,INSERT,bookkeeping,762,2025-10-16 13:11:32.714356,Auto log 164
165,641,APPROVE,bookkeeping,1799,2025-11-01 00:08:32.714358,Auto log 165
166,566,DELETE,bookkeeping,298,2025-10-13 06:53:32.714360,Auto log 166
167,816,UPDATE,liabilities,693,2025-10-19 03:11:32.714361,Auto log 167
168,496,APPROVE,expenses,1419,2025-11-10 11:59:32.714363,Auto log 168
169,752,APPROVE,departments,371,2025-10-30 16:02:32.714365,Auto log 169
170,350,UPDATE,liabilities,734,2025-10-07 01:57:32.714366,Auto log 170
171,616,INSERT,bookkeeping,398,2025-10-17 21:16:32.714368,Auto log 171
172,232,UPDATE,liabilities,139,2025-11-09 05:55:32.714370,Auto log 172
173,389,UPDATE,expenses,1154,2025-11-13 01:08:32.714372,Auto log 173
174,104,DELETE,users,1385,2025-09-24 18:55:32.714374,Auto log 174
175,238,APPROVE,users,937,2025-09-24 03:10:32.714375,Auto log 175
176,764,UPDATE,liabilities,120,2025-09-17 11:58:32.714377,Auto log 176
177,968,INSERT,bookkeeping,1384,2025-10-31 11:17:32.714379,Auto log 177
178,898,INSERT,liabilities,1818,2025-09-27 13:15:32.714381,Auto log 178
179,108,DELETE,liabilities,103,2025-10-22 14:01:32.714383,Auto log 179
180,631,UPDATE,bookkeeping,1540,2025-11-05 21:27:32.714384,Auto log 180
181,495,APPROVE,assets,389,2025-11-15 22:15:32.714386,Auto log 181
182,424,INSERT,users,309,2025-10-21 01:59:32.714388,Auto log 182
183,802,UPDATE,users,1125,2025-09-22 01:53:32.714391,Auto log 183
184,27,APPROVE,expenses,1126,2025-11-07 14:50:32.714392,Auto log 184
185,98,UPDATE,users,1588,2025-11-10 21:14:32.714394,Auto log 185
186,181,APPROVE,liabilities,153,2025-09-13 19:54:32.714396,Auto log 186
187,22,APPROVE,transactions,426,2025-10-15 20:34:32.714398,Auto log 187
188,550,DELETE,users,1815,2025-10-24 01:53:32.714399,Auto log 188
189,424,UPDATE,users,1624,2025-11-04 19:35:32.714401,Auto log 189
190,429,UPDATE,expenses,515,2025-09-27 13:16:32.714403,Auto log 190
191,491,UPDATE,departments,662,2025-10-01 20:26:32.714405,Auto log 191
192,987,INSERT,bookkeeping,1858,2025-09-20 14:06:32.714406,Auto log 192
193,796,UPDATE,departments,1185,2025-11-19 22:31:32.714408,Auto log 193
194,167,UPDATE,expenses,1419,2025-10-01 18:54:32.714410,Auto log 194
195,958,UPDATE,departments,1913,2025-10-13 02:08:32.714412,Auto log 195
196,215,DELETE,bookkeeping,1736,2025-10-03 01:09:32.714414,Auto log 196
197,378,INSERT,assets,937,2025-09-16 03:34:32.714415,Auto log 197
198,684,INSERT,liabilities,274,2025-11-18 17:19:32.714417,Auto log 198
199,943,APPROVE,users,1075,2025-11-05 00:39:32.714419,Auto log 199
200,445,APPROVE,expenses,1615,2025-09-13 02:24:32.714421,Auto log 200
201,109,APPROVE,transactions,1904,2025-11-08 19:16:32.714423,Auto log 201
202,185,DELETE,liabilities,1980,2025-09-27 12:59:32.714425,Auto log 202
203,861,INSERT,transactions,101,2025-10-22 22:03:32.714427,Auto log 203
204,620,UPDATE,departments,1748,2025-11-14 06:01:32.714428,Auto log 204
205,763,UPDATE,expenses,1518,2025-11-03 08:35:32.714430,Auto log 205
206,1000,APPROVE,expenses,194,2025-11-03 03:56:32.714432,Auto log 206
207,649,INSERT,liabilities,772,2025-10-19 10:38:32.714434,Auto log 207
208,48,UPDATE,assets,1627,2025-10-15 08:14:32.714436,Auto log 208
209,724,UPDATE,users,151,2025-10-05 04:23:32.714438,Auto log 209
210,800,UPDATE,expenses,829,2025-10-29 23:34:32.714440,Auto log 210
211,195,INSERT,liabilities,1117,2025-11-07 18:10:32.714441,Auto log 211
212,340,INSERT,departments,687,2025-10-31 18:14:32.714443,Auto log 212
213,555,APPROVE,assets,849,2025-10-01 20:34:32.714445,Auto log 213
214,81,DELETE,transactions,1293,2025-10-14 06:57:32.714447,Auto log 214
215,256,INSERT,bookkeeping,2000,2025-10-29 12:33:32.714449,Auto log 215
216,196,INSERT,expenses,323,2025-11-18 03:24:32.714451,Auto log 216
217,187,APPROVE,bookkeeping,1729,2025-11-01 08:40:32.714452,Auto log 217
218,200,DELETE,users,903,2025-09-25 07:26:32.714454,Auto log 218
219,592,DELETE,liabilities,414,2025-09-15 20:03:32.714456,Auto log 219
220,761,DELETE,transactions,1733,2025-09-12 17:14:32.714458,Auto log 220
221,897,UPDATE,assets,378,2025-10-26 14:34:32.714460,Auto log 221
222,163,APPROVE,departments,980,2025-10-14 08:31:32.714461,Auto log 222
223,596,DELETE,bookkeeping,1712,2025-09-22 10:49:32.714463,Auto log 223
224,224,DELETE,departments,972,2025-11-09 01:21:32.714465,Auto log 224
225,605,INSERT,transactions,1021,2025-10-09 11:44:32.714467,Auto log 225
226,358,INSERT,bookkeeping,660,2025-10-28 04:53:32.714469,Auto log 226
227,680,APPROVE,expenses,892,2025-10-28 22:59:32.714470,Auto log 227
228,639,UPDATE,liabilities,222,2025-11-19 23:18:32.714472,Auto log 228
229,990,APPROVE,liabilities,281,2025-10-05 11:49:32.714474,Auto log 229
230,517,UPDATE,assets,526,2025-11-15 22:56:32.714476,Auto log 230
231,993,APPROVE,expenses,176,2025-11-04 01:41:32.714477,Auto log 231
232,640,DELETE,users,1615,2025-10-07 11:07:32.714479,Auto log 232
233,498,UPDATE,bookkeeping,69,2025-10-11 10:37:32.714481,Auto log 233
234,916,INSERT,departments,1013,2025-10-13 04:03:32.714483,Auto log 234
235,587,APPROVE,transactions,343,2025-09-16 10:40:32.714484,Auto log 235
236,846,DELETE,users,467,2025-09-29 16:28:32.714486,Auto log 236
237,882,DELETE,users,607,2025-10-07 12:14:32.714488,Auto log 237
238,502,INSERT,assets,1234,2025-10-21 04:24:32.714490,Auto log 238
239,890,DELETE,bookkeeping,202,2025-09-16 20:18:32.714492,Auto log 239
240,504,APPROVE,transactions,1404,2025-11-17 12:55:32.714494,Auto log 240
241,887,DELETE,departments,643,2025-11-13 20:31:32.714496,Auto log 241
242,268,UPDATE,departments,1689,2025-09-14 14:35:32.714498,Auto log 242
243,865,UPDATE,liabilities,1265,2025-09-22 02:30:32.714499,Auto log 243
244,573,UPDATE,assets,709,2025-09-22 14:10:32.714501,Auto log 244
245,152,INSERT,departments,98,2025-10-29 03:59:32.714503,Auto log 245
246,485,UPDATE,assets,1735,2025-10-15 13:13:32.714504,Auto log 246
247,701,APPROVE,departments,1773,2025-09-16 08:48:32.714506,Auto log 247
248,457,UPDATE,bookkeeping,736,2025-09-18 14:45:32.714508,Auto log 248
249,446,DELETE,bookkeeping,1464,2025-11-20 13:26:32.714510,Auto log 249
250,82,DELETE,assets,456,2025-09-24 01:48:32.714512,Auto log 250
