1,433,Office Equipment,12478.68,0.0,2024-05-24,Auto entry for transaction 433
2,67,Cash,12067.32,0.0,2024-07-09,Auto entry for transaction 67
3,523,Travel Expense,12145.3,0.0,2024-01-12,Auto entry for transaction 523
4,390,Accounts Payable,3998.45,0.0,2024-09-20,Auto entry for transaction 390
5,149,Accounts Payable,8316.7,0.0,2022-12-30,Auto entry for transaction 149
6,404,Travel Expense,4194.08,0.0,2024-10-18,Auto entry for transaction 404
7,12,Office Equipment,12605.79,0.0,2023-04-28,Auto entry for transaction 12
8,394,Accounts Payable,5820.26,0.0,2022-12-20,Auto entry for transaction 394
9,46,Cash,12917.93,0.0,2024-02-25,Auto entry for transaction 46
10,153,Office Equipment,7835.12,0.0,2024-05-21,Auto entry for transaction 153
11,467,Software Expense,15240.64,0.0,2023-08-25,Auto entry for transaction 467
12,459,Rent Expense,17482.9,0.0,2025-11-02,Auto entry for transaction 459
13,137,Rent Expense,3860.62,0.0,2024-08-21,Auto entry for transaction 137
14,203,Rent Expense,13242.25,0.0,2024-09-06,Auto entry for transaction 203
15,277,Software Expense,19830.62,0.0,2024-08-11,Auto entry for transaction 277
16,449,Accounts Payable,1018.03,0.0,2024-11-01,Auto entry for transaction 449
17,545,Software Expense,15555.46,0.0,2024-10-03,Auto entry for transaction 545
18,376,Rent Expense,1885.53,0.0,2025-08-18,Auto entry for transaction 376
19,443,Rent Expense,5854.32,0.0,2023-08-26,Auto entry for transaction 443
20,289,Office Equipment,4893.66,0.0,2024-02-28,Auto entry for transaction 289
21,146,Software Expense,15290.74,0.0,2025-10-13,Auto entry for transaction 146
22,143,Accounts Payable,5716.65,0.0,2025-11-17,Auto entry for transaction 143
23,397,Cash,13294.05,0.0,2024-11-01,Auto entry for transaction 397
24,18,Office Equipment,18434.82,0.0,2023-04-16,Auto entry for transaction 18
25,349,Software Expense,931.58,0.0,2025-07-03,Auto entry for transaction 349
26,437,Cash,12159.14,0.0,2023-01-10,Auto entry for transaction 437
27,396,Office Equipment,19949.36,0.0,2023-04-01,Auto entry for transaction 396
28,119,Rent Expense,17251.47,0.0,2025-09-16,Auto entry for transaction 119
29,533,Software Expense,15474.09,0.0,2023-12-23,Auto entry for transaction 533
30,387,Software Expense,8538.24,0.0,2025-09-22,Auto entry for transaction 387
31,424,Travel Expense,8282.64,0.0,2025-06-27,Auto entry for transaction 424
32,282,Rent Expense,10233.83,0.0,2024-06-12,Auto entry for transaction 282
33,541,Rent Expense,9107.65,0.0,2023-03-21,Auto entry for transaction 541
34,109,Accounts Payable,13737.2,0.0,2025-10-29,Auto entry for transaction 109
35,487,Rent Expense,6737.27,0.0,2024-08-26,Auto entry for transaction 487
36,108,Cash,6180.01,0.0,2023-03-26,Auto entry for transaction 108
37,393,Travel Expense,1824.76,0.0,2024-01-28,Auto entry for transaction 393
38,451,Rent Expense,3008.62,0.0,2025-07-21,Auto entry for transaction 451
39,477,Travel Expense,1403.23,0.0,2023-05-03,Auto entry for transaction 477
40,448,Cash,939.04,0.0,2025-01-05,Auto entry for transaction 448
41,48,Office Equipment,7706.92,0.0,2023-10-01,Auto entry for transaction 48
42,473,Software Expense,17853.24,0.0,2025-02-24,Auto entry for transaction 473
43,13,Software Expense,18715.84,0.0,2023-02-04,Auto entry for transaction 13
44,39,Accounts Payable,12831.96,0.0,2025-07-05,Auto entry for transaction 39
45,314,Travel Expense,15184.38,0.0,2024-08-11,Auto entry for transaction 314
46,310,Travel Expense,19212.98,0.0,2023-05-23,Auto entry for transaction 310
47,62,Software Expense,14940.16,0.0,2024-04-21,Auto entry for transaction 62
48,78,Software Expense,16175.39,0.0,2023-04-26,Auto entry for transaction 78
49,124,Software Expense,16577.82,0.0,2023-03-15,Auto entry for transaction 124
50,304,Accounts Payable,6643.87,0.0,2023-03-08,Auto entry for transaction 304
51,255,Software Expense,13917.81,0.0,2024-10-17,Auto entry for transaction 255
52,356,Software Expense,7925.31,0.0,2023-11-10,Auto entry for transaction 356
53,415,Office Equipment,16013.79,0.0,2023-08-16,Auto entry for transaction 415
54,45,Software Expense,6449.6,0.0,2023-12-13,Auto entry for transaction 45
55,129,Cash,18057.13,0.0,2024-06-28,Auto entry for transaction 129
56,31,Travel Expense,16116.0,0.0,2025-10-06,Auto entry for transaction 31
57,283,Travel Expense,10166.64,0.0,2023-12-14,Auto entry for transaction 283
58,60,Accounts Payable,6892.88,0.0,2025-03-15,Auto entry for transaction 60
59,510,Rent Expense,16297.08,0.0,2025-10-30,Auto entry for transaction 510
60,358,Cash,4222.3,0.0,2024-07-19,Auto entry for transaction 358
61,236,Travel Expense,10479.27,0.0,2025-10-26,Auto entry for transaction 236
62,79,Travel Expense,19757.82,0.0,2024-12-18,Auto entry for transaction 79
63,134,Rent Expense,6066.76,0.0,2023-03-01,Auto entry for transaction 134
64,338,Accounts Payable,3312.87,0.0,2023-05-20,Auto entry for transaction 338
65,450,Cash,18892.76,0.0,2025-01-13,Auto entry for transaction 450
66,408,Accounts Payable,3206.26,0.0,2025-06-23,Auto entry for transaction 408
67,168,Cash,15024.66,0.0,2025-10-11,Auto entry for transaction 168
68,401,Accounts Payable,17788.04,0.0,2025-09-01,Auto entry for transaction 401
69,16,Travel Expense,8132.78,0.0,2024-07-31,Auto entry for transaction 16
70,205,Cash,2319.39,0.0,2023-10-20,Auto entry for transaction 205
71,28,Travel Expense,7009.83,0.0,2022-12-17,Auto entry for transaction 28
72,306,Accounts Payable,135.81,0.0,2024-05-12,Auto entry for transaction 306
73,167,Rent Expense,8621.18,0.0,2025-01-13,Auto entry for transaction 167
74,243,Accounts Payable,4598.89,0.0,2024-06-05,Auto entry for transaction 243
75,201,Rent Expense,10183.91,0.0,2025-10-10,Auto entry for transaction 201
76,344,Accounts Payable,7360.74,0.0,2025-05-09,Auto entry for transaction 344
77,254,Cash,12978.58,0.0,2022-12-05,Auto entry for transaction 254
78,162,Travel Expense,5904.32,0.0,2024-06-11,Auto entry for transaction 162
79,188,Office Equipment,5091.89,0.0,2023-03-20,Auto entry for transaction 188
80,103,Travel Expense,340.13,0.0,2023-01-06,Auto entry for transaction 103
81,411,Software Expense,1184.87,0.0,2024-04-21,Auto entry for transaction 411
82,172,Accounts Payable,7999.15,0.0,2024-01-23,Auto entry for transaction 172
83,54,Travel Expense,8807.46,0.0,2025-09-02,Auto entry for transaction 54
84,233,Rent Expense,17860.57,0.0,2023-12-12,Auto entry for transaction 233
85,457,Travel Expense,14444.3,0.0,2023-01-01,Auto entry for transaction 457
86,77,Office Equipment,15318.14,0.0,2025-06-24,Auto entry for transaction 77
87,293,Accounts Payable,9839.04,0.0,2023-03-06,Auto entry for transaction 293
88,413,Software Expense,1112.32,0.0,2025-08-29,Auto entry for transaction 413
89,406,Office Equipment,15139.48,0.0,2025-11-17,Auto entry for transaction 406
90,249,Travel Expense,4950.3,0.0,2024-01-07,Auto entry for transaction 249
91,225,Accounts Payable,15636.17,0.0,2023-01-13,Auto entry for transaction 225
92,385,Accounts Payable,6885.29,0.0,2023-02-01,Auto entry for transaction 385
93,412,Rent Expense,1374.45,0.0,2023-02-12,Auto entry for transaction 412
94,474,Office Equipment,12956.06,0.0,2025-08-23,Auto entry for transaction 474
95,251,Accounts Payable,8783.63,0.0,2023-02-13,Auto entry for transaction 251
96,422,Accounts Payable,6158.2,0.0,2024-12-05,Auto entry for transaction 422
97,514,Cash,4625.56,0.0,2023-03-30,Auto entry for transaction 514
98,220,Office Equipment,6058.88,0.0,2025-08-29,Auto entry for transaction 220
99,263,Rent Expense,2574.43,0.0,2023-02-02,Auto entry for transaction 263
100,184,Accounts Payable,10787.97,0.0,2025-10-19,Auto entry for transaction 184
101,150,Accounts Payable,19550.79,0.0,2024-04-27,Auto entry for transaction 150
102,218,Rent Expense,8902.7,0.0,2025-01-28,Auto entry for transaction 218
103,447,Cash,11233.29,0.0,2024-03-19,Auto entry for transaction 447
104,259,Rent Expense,9799.77,0.0,2022-12-17,Auto entry for transaction 259
105,402,Travel Expense,8129.47,0.0,2023-09-04,Auto entry for transaction 402
106,197,Accounts Payable,2940.26,0.0,2023-04-23,Auto entry for transaction 197
107,472,Software Expense,19953.75,0.0,2024-03-09,Auto entry for transaction 472
108,466,Cash,8178.06,0.0,2024-04-12,Auto entry for transaction 466
109,332,Accounts Payable,18462.07,0.0,2025-08-04,Auto entry for transaction 332
110,216,Cash,12369.49,0.0,2023-12-03,Auto entry for transaction 216
111,65,Travel Expense,4564.76,0.0,2025-11-18,Auto entry for transaction 65
112,73,Cash,13316.73,0.0,2023-06-17,Auto entry for transaction 73
113,345,Cash,5867.24,0.0,2024-08-15,Auto entry for transaction 345
114,145,Rent Expense,18380.76,0.0,2022-12-19,Auto entry for transaction 145
115,196,Cash,16740.65,0.0,2025-04-29,Auto entry for transaction 196
116,392,Rent Expense,15094.04,0.0,2023-09-10,Auto entry for transaction 392
117,320,Accounts Payable,17421.15,0.0,2025-09-06,Auto entry for transaction 320
118,230,Travel Expense,14691.01,0.0,2024-06-25,Auto entry for transaction 230
119,122,Cash,2666.56,0.0,2024-07-27,Auto entry for transaction 122
120,248,Accounts Payable,8319.84,0.0,2025-07-12,Auto entry for transaction 248
121,417,Cash,6961.44,0.0,2023-03-14,Auto entry for transaction 417
122,111,Office Equipment,11425.43,0.0,2024-07-29,Auto entry for transaction 111
123,444,Office Equipment,11538.08,0.0,2023-01-04,Auto entry for transaction 444
124,543,Rent Expense,14672.09,0.0,2023-09-04,Auto entry for transaction 543
125,195,Cash,12163.26,0.0,2024-12-17,Auto entry for transaction 195
126,112,Rent Expense,15763.77,0.0,2025-10-08,Auto entry for transaction 112
127,113,Travel Expense,3751.14,0.0,2023-09-02,Auto entry for transaction 113
128,240,Office Equipment,11630.52,0.0,2024-04-14,Auto entry for transaction 240
129,299,Rent Expense,3612.06,0.0,2024-05-02,Auto entry for transaction 299
130,381,Rent Expense,9564.06,0.0,2024-01-14,Auto entry for transaction 381
131,51,Rent Expense,13475.22,0.0,2024-05-05,Auto entry for transaction 51
132,531,Travel Expense,17927.76,0.0,2023-05-14,Auto entry for transaction 531
133,420,Office Equipment,18854.92,0.0,2022-12-21,Auto entry for transaction 420
134,327,Software Expense,14946.86,0.0,2022-12-21,Auto entry for transaction 327
135,539,Accounts Payable,7968.92,0.0,2023-10-11,Auto entry for transaction 539
136,547,Office Equipment,12719.67,0.0,2024-04-07,Auto entry for transaction 547
137,378,Cash,2320.54,0.0,2023-07-06,Auto entry for transaction 378
138,285,Cash,4673.54,0.0,2024-02-05,Auto entry for transaction 285
139,316,Office Equipment,11778.24,0.0,2023-04-04,Auto entry for transaction 316
140,442,Rent Expense,19962.83,0.0,2024-05-22,Auto entry for transaction 442
141,481,Accounts Payable,13414.78,0.0,2023-11-12,Auto entry for transaction 481
142,159,Cash,3711.12,0.0,2025-02-16,Auto entry for transaction 159
143,19,Cash,15607.72,0.0,2023-12-03,Auto entry for transaction 19
144,128,Office Equipment,7678.56,0.0,2025-01-19,Auto entry for transaction 128
145,187,Cash,18926.14,0.0,2024-10-03,Auto entry for transaction 187
146,425,Software Expense,1516.23,0.0,2024-08-31,Auto entry for transaction 425
147,462,Cash,2317.62,0.0,2023-06-17,Auto entry for transaction 462
148,272,Cash,690.33,0.0,2024-12-28,Auto entry for transaction 272
149,115,Software Expense,18645.97,0.0,2024-01-04,Auto entry for transaction 115
150,521,Software Expense,6676.17,0.0,2024-09-15,Auto entry for transaction 521
151,131,Software Expense,312.86,0.0,2023-02-03,Auto entry for transaction 131
152,319,Office Equipment,11161.56,0.0,2025-05-13,Auto entry for transaction 319
153,87,Rent Expense,2079.31,0.0,2024-10-26,Auto entry for transaction 87
154,468,Cash,14740.42,0.0,2024-11-15,Auto entry for transaction 468
155,318,Software Expense,8197.14,0.0,2023-02-21,Auto entry for transaction 318
156,93,Software Expense,7605.13,0.0,2024-11-25,Auto entry for transaction 93
157,209,Software Expense,8130.53,0.0,2024-01-22,Auto entry for transaction 209
158,219,Rent Expense,13059.13,0.0,2025-05-03,Auto entry for transaction 219
159,500,Office Equipment,7811.08,0.0,2023-04-22,Auto entry for transaction 500
160,182,Rent Expense,2765.55,0.0,2024-07-03,Auto entry for transaction 182
161,223,Cash,262.59,0.0,2024-05-05,Auto entry for transaction 223
162,446,Office Equipment,7717.71,0.0,2023-05-08,Auto entry for transaction 446
163,432,Travel Expense,4609.05,0.0,2024-08-22,Auto entry for transaction 432
164,292,Software Expense,18394.01,0.0,2025-10-30,Auto entry for transaction 292
165,513,Software Expense,13283.9,0.0,2024-02-24,Auto entry for transaction 513
166,469,Cash,6785.24,0.0,2024-05-25,Auto entry for transaction 469
167,313,Accounts Payable,1660.4,0.0,2023-04-03,Auto entry for transaction 313
168,501,Office Equipment,11955.37,0.0,2024-09-28,Auto entry for transaction 501
169,191,Office Equipment,19830.12,0.0,2023-07-20,Auto entry for transaction 191
170,311,Office Equipment,1672.32,0.0,2025-11-17,Auto entry for transaction 311
171,287,Office Equipment,12035.14,0.0,2024-10-31,Auto entry for transaction 287
172,330,Software Expense,19624.96,0.0,2025-09-22,Auto entry for transaction 330
173,75,Travel Expense,6320.22,0.0,2025-02-09,Auto entry for transaction 75
174,428,Cash,13075.14,0.0,2024-04-04,Auto entry for transaction 428
175,141,Office Equipment,12612.95,0.0,2025-07-14,Auto entry for transaction 141
176,246,Software Expense,9900.31,0.0,2023-05-22,Auto entry for transaction 246
177,518,Travel Expense,14245.46,0.0,2022-11-21,Auto entry for transaction 518
178,252,Cash,12080.37,0.0,2023-04-06,Auto entry for transaction 252
179,380,Software Expense,14596.68,0.0,2025-07-05,Auto entry for transaction 380
180,454,Accounts Payable,1248.43,0.0,2025-07-04,Auto entry for transaction 454
181,527,Cash,9981.49,0.0,2023-03-10,Auto entry for transaction 527
182,171,Accounts Payable,12310.87,0.0,2024-02-12,Auto entry for transaction 171
183,366,Rent Expense,13218.67,0.0,2023-03-08,Auto entry for transaction 366
184,229,Software Expense,3108.26,0.0,2025-09-01,Auto entry for transaction 229
185,148,Rent Expense,13601.05,0.0,2024-11-23,Auto entry for transaction 148
186,504,Office Equipment,15389.3,0.0,2024-12-01,Auto entry for transaction 504
187,346,Accounts Payable,15736.65,0.0,2025-01-12,Auto entry for transaction 346
188,537,Travel Expense,6801.14,0.0,2023-03-02,Auto entry for transaction 537
189,439,Accounts Payable,1956.26,0.0,2024-12-20,Auto entry for transaction 439
190,512,Accounts Payable,12802.2,0.0,2024-07-15,Auto entry for transaction 512
191,371,Travel Expense,14018.16,0.0,2023-09-12,Auto entry for transaction 371
192,497,Accounts Payable,2633.16,0.0,2025-03-07,Auto entry for transaction 497
193,190,Cash,3319.78,0.0,2024-09-14,Auto entry for transaction 190
194,228,Rent Expense,7559.01,0.0,2024-06-12,Auto entry for transaction 228
195,208,Cash,521.65,0.0,2024-08-24,Auto entry for transaction 208
196,91,Accounts Payable,935.9,0.0,2024-02-02,Auto entry for transaction 91
197,5,Accounts Payable,13280.41,0.0,2024-04-24,Auto entry for transaction 5
198,352,Cash,19128.4,0.0,2022-11-23,Auto entry for transaction 352
199,369,Accounts Payable,3821.4,0.0,2025-05-20,Auto entry for transaction 369
200,121,Rent Expense,13389.74,0.0,2023-03-24,Auto entry for transaction 121
201,429,Software Expense,18342.33,0.0,2025-11-14,Auto entry for transaction 429
202,262,Travel Expense,6188.95,0.0,2025-05-21,Auto entry for transaction 262
203,154,Cash,8278.57,0.0,2023-09-14,Auto entry for transaction 154
204,357,Office Equipment,9894.59,0.0,2023-09-23,Auto entry for transaction 357
205,158,Accounts Payable,8941.52,0.0,2023-04-24,Auto entry for transaction 158
206,353,Accounts Payable,11253.82,0.0,2025-07-15,Auto entry for transaction 353
207,202,Accounts Payable,18870.41,0.0,2023-09-14,Auto entry for transaction 202
208,245,Travel Expense,11853.47,0.0,2023-02-14,Auto entry for transaction 245
209,106,Accounts Payable,2192.92,0.0,2022-12-24,Auto entry for transaction 106
210,493,Office Equipment,6723.0,0.0,2024-09-24,Auto entry for transaction 493
211,120,Accounts Payable,10751.72,0.0,2024-11-18,Auto entry for transaction 120
212,326,Software Expense,2984.8,0.0,2022-12-16,Auto entry for transaction 326
213,157,Accounts Payable,5794.45,0.0,2024-05-17,Auto entry for transaction 157
214,331,Rent Expense,1952.88,0.0,2024-11-27,Auto entry for transaction 331
215,515,Software Expense,16545.73,0.0,2025-04-10,Auto entry for transaction 515
216,275,Rent Expense,7824.63,0.0,2024-05-02,Auto entry for transaction 275
217,147,Accounts Payable,13711.05,0.0,2024-12-15,Auto entry for transaction 147
218,267,Cash,11207.03,0.0,2024-01-25,Auto entry for transaction 267
219,80,Cash,16263.04,0.0,2024-09-23,Auto entry for transaction 80
220,97,Accounts Payable,19298.32,0.0,2023-06-11,Auto entry for transaction 97
221,237,Cash,19631.6,0.0,2024-03-22,Auto entry for transaction 237
222,276,Rent Expense,19255.51,0.0,2024-11-04,Auto entry for transaction 276
223,241,Travel Expense,720.45,0.0,2024-04-03,Auto entry for transaction 241
224,475,Accounts Payable,14173.14,0.0,2023-10-12,Auto entry for transaction 475
225,213,Accounts Payable,16519.41,0.0,2025-02-25,Auto entry for transaction 213
226,414,Cash,12358.61,0.0,2023-08-09,Auto entry for transaction 414
227,90,Cash,13605.77,0.0,2022-11-22,Auto entry for transaction 90
228,70,Cash,4569.02,0.0,2023-12-31,Auto entry for transaction 70
229,354,Accounts Payable,15457.42,0.0,2023-01-21,Auto entry for transaction 354
230,360,Cash,3755.89,0.0,2024-08-10,Auto entry for transaction 360
231,89,Office Equipment,8488.32,0.0,2024-02-01,Auto entry for transaction 89
232,207,Cash,6759.21,0.0,2023-10-22,Auto entry for transaction 207
233,315,Software Expense,2641.4,0.0,2025-03-12,Auto entry for transaction 315
234,321,Cash,19972.79,0.0,2024-06-09,Auto entry for transaction 321
235,107,Accounts Payable,1428.2,0.0,2024-02-06,Auto entry for transaction 107
236,490,Cash,11233.48,0.0,2023-02-03,Auto entry for transaction 490
237,155,Cash,18989.79,0.0,2024-12-22,Auto entry for transaction 155
238,142,Cash,10569.71,0.0,2023-01-02,Auto entry for transaction 142
239,256,Office Equipment,12654.5,0.0,2023-02-18,Auto entry for transaction 256
240,192,Rent Expense,11864.31,0.0,2024-11-15,Auto entry for transaction 192
241,307,Travel Expense,14775.05,0.0,2024-02-25,Auto entry for transaction 307
242,85,Accounts Payable,1776.42,0.0,2025-06-09,Auto entry for transaction 85
243,522,Travel Expense,5121.4,0.0,2025-06-03,Auto entry for transaction 522
244,478,Accounts Payable,15367.95,0.0,2025-06-06,Auto entry for transaction 478
245,351,Software Expense,7481.26,0.0,2024-09-29,Auto entry for transaction 351
246,544,Rent Expense,6218.62,0.0,2024-12-25,Auto entry for transaction 544
247,69,Office Equipment,18299.87,0.0,2023-03-15,Auto entry for transaction 69
248,260,Office Equipment,11773.05,0.0,2024-03-21,Auto entry for transaction 260
249,27,Accounts Payable,6011.42,0.0,2023-07-27,Auto entry for transaction 27
250,549,Accounts Payable,4374.67,0.0,2025-02-21,Auto entry for transaction 549
251,362,Office Equipment,4068.82,0.0,2023-07-17,Auto entry for transaction 362
252,235,Rent Expense,8312.32,0.0,2023-07-26,Auto entry for transaction 235
253,426,Rent Expense,19597.08,0.0,2024-07-12,Auto entry for transaction 426
254,305,Software Expense,8041.89,0.0,2023-12-27,Auto entry for transaction 305
255,212,Office Equipment,10755.24,0.0,2025-01-21,Auto entry for transaction 212
256,98,Cash,4847.51,0.0,2023-11-14,Auto entry for transaction 98
257,211,Accounts Payable,4847.69,0.0,2024-10-30,Auto entry for transaction 211
258,234,Rent Expense,7962.5,0.0,2024-11-02,Auto entry for transaction 234
259,6,Software Expense,19460.74,0.0,2025-07-28,Auto entry for transaction 6
260,483,Software Expense,13249.13,0.0,2025-09-06,Auto entry for transaction 483
261,116,Office Equipment,15783.41,0.0,2025-01-09,Auto entry for transaction 116
262,50,Software Expense,4931.17,0.0,2023-08-09,Auto entry for transaction 50
263,350,Office Equipment,14956.65,0.0,2024-04-17,Auto entry for transaction 350
264,35,Software Expense,16308.64,0.0,2024-02-26,Auto entry for transaction 35
265,152,Rent Expense,14757.36,0.0,2025-11-15,Auto entry for transaction 152
266,24,Accounts Payable,16003.63,0.0,2023-10-08,Auto entry for transaction 24
267,301,Accounts Payable,9012.68,0.0,2024-10-03,Auto entry for transaction 301
268,507,Software Expense,4442.33,0.0,2023-09-21,Auto entry for transaction 507
269,317,Rent Expense,15077.71,0.0,2023-08-23,Auto entry for transaction 317
270,36,Cash,12881.35,0.0,2022-12-27,Auto entry for transaction 36
271,538,Cash,7394.18,0.0,2024-08-24,Auto entry for transaction 538
272,511,Office Equipment,8750.01,0.0,2023-09-06,Auto entry for transaction 511
273,41,Accounts Payable,5503.18,0.0,2024-10-07,Auto entry for transaction 41
274,37,Cash,13202.88,0.0,2025-03-11,Auto entry for transaction 37
275,84,Accounts Payable,11167.75,0.0,2024-12-13,Auto entry for transaction 84
276,63,Office Equipment,1501.87,0.0,2024-12-06,Auto entry for transaction 63
277,247,Accounts Payable,14213.47,0.0,2025-06-16,Auto entry for transaction 247
278,333,Office Equipment,10160.52,0.0,2025-02-07,Auto entry for transaction 333
279,204,Accounts Payable,11085.57,0.0,2023-04-08,Auto entry for transaction 204
280,268,Travel Expense,3214.75,0.0,2024-10-19,Auto entry for transaction 268
281,210,Office Equipment,18840.41,0.0,2024-12-31,Auto entry for transaction 210
282,164,Rent Expense,8187.03,0.0,2024-04-16,Auto entry for transaction 164
283,180,Accounts Payable,12757.26,0.0,2023-07-23,Auto entry for transaction 180
284,453,Office Equipment,6246.29,0.0,2023-01-19,Auto entry for transaction 453
285,136,Accounts Payable,8325.5,0.0,2023-08-01,Auto entry for transaction 136
286,214,Accounts Payable,15751.86,0.0,2023-08-16,Auto entry for transaction 214
287,368,Cash,4548.37,0.0,2025-05-23,Auto entry for transaction 368
288,49,Rent Expense,13732.03,0.0,2023-03-05,Auto entry for transaction 49
289,291,Office Equipment,19324.78,0.0,2025-02-21,Auto entry for transaction 291
290,502,Software Expense,567.37,0.0,2023-07-13,Auto entry for transaction 502
291,370,Cash,11269.82,0.0,2025-11-04,Auto entry for transaction 370
292,383,Office Equipment,903.32,0.0,2023-06-12,Auto entry for transaction 383
293,418,Travel Expense,14338.53,0.0,2024-12-04,Auto entry for transaction 418
294,179,Travel Expense,3086.13,0.0,2024-08-14,Auto entry for transaction 179
295,322,Office Equipment,8087.59,0.0,2025-10-03,Auto entry for transaction 322
296,224,Software Expense,856.39,0.0,2025-04-20,Auto entry for transaction 224
297,266,Travel Expense,19700.92,0.0,2025-09-13,Auto entry for transaction 266
298,470,Rent Expense,9359.57,0.0,2025-06-25,Auto entry for transaction 470
299,253,Cash,7737.57,0.0,2024-06-03,Auto entry for transaction 253
300,61,Software Expense,7873.62,0.0,2025-03-28,Auto entry for transaction 61
301,135,Office Equipment,8532.57,0.0,2024-03-18,Auto entry for transaction 135
302,238,Accounts Payable,10735.91,0.0,2025-09-24,Auto entry for transaction 238
303,520,Rent Expense,8015.34,0.0,2024-11-10,Auto entry for transaction 520
304,3,Software Expense,19522.7,0.0,2023-07-02,Auto entry for transaction 3
305,489,Accounts Payable,4350.0,0.0,2025-08-22,Auto entry for transaction 489
306,456,Travel Expense,11134.05,0.0,2024-12-20,Auto entry for transaction 456
307,127,Software Expense,3698.31,0.0,2024-05-23,Auto entry for transaction 127
308,274,Rent Expense,9948.25,0.0,2025-04-22,Auto entry for transaction 274
309,503,Travel Expense,16601.1,0.0,2023-11-02,Auto entry for transaction 503
310,206,Accounts Payable,1858.85,0.0,2023-04-26,Auto entry for transaction 206
311,343,Rent Expense,13774.85,0.0,2024-12-08,Auto entry for transaction 343
312,534,Accounts Payable,15015.56,0.0,2025-07-06,Auto entry for transaction 534
313,416,Rent Expense,12031.42,0.0,2023-06-01,Auto entry for transaction 416
314,47,Software Expense,3337.99,0.0,2025-07-20,Auto entry for transaction 47
315,329,Office Equipment,9197.64,0.0,2024-12-27,Auto entry for transaction 329
316,471,Rent Expense,7236.94,0.0,2025-11-10,Auto entry for transaction 471
317,297,Accounts Payable,16375.81,0.0,2025-01-30,Auto entry for transaction 297
318,334,Software Expense,13323.93,0.0,2023-02-06,Auto entry for transaction 334
319,20,Accounts Payable,19140.11,0.0,2025-07-11,Auto entry for transaction 20
320,363,Cash,16657.8,0.0,2025-07-18,Auto entry for transaction 363
321,295,Accounts Payable,14818.55,0.0,2025-04-14,Auto entry for transaction 295
322,242,Office Equipment,18819.33,0.0,2024-03-09,Auto entry for transaction 242
323,409,Accounts Payable,16069.65,0.0,2025-02-02,Auto entry for transaction 409
324,284,Travel Expense,6077.61,0.0,2023-11-09,Auto entry for transaction 284
325,430,Travel Expense,10194.09,0.0,2025-09-05,Auto entry for transaction 430
326,427,Cash,16342.39,0.0,2024-09-24,Auto entry for transaction 427
327,56,Travel Expense,11468.73,0.0,2023-01-01,Auto entry for transaction 56
328,532,Software Expense,15735.42,0.0,2024-02-21,Auto entry for transaction 532
329,400,Accounts Payable,4180.73,0.0,2024-01-09,Auto entry for transaction 400
330,325,Software Expense,1640.38,0.0,2025-04-01,Auto entry for transaction 325
331,58,Cash,14196.84,0.0,2024-10-04,Auto entry for transaction 58
332,189,Office Equipment,14860.42,0.0,2025-10-07,Auto entry for transaction 189
333,280,Accounts Payable,12716.24,0.0,2025-10-30,Auto entry for transaction 280
334,83,Accounts Payable,4209.0,0.0,2023-11-15,Auto entry for transaction 83
335,382,Travel Expense,7871.31,0.0,2024-05-27,Auto entry for transaction 382
336,232,Cash,8670.63,0.0,2024-05-19,Auto entry for transaction 232
337,496,Office Equipment,9963.0,0.0,2022-12-13,Auto entry for transaction 496
338,336,Software Expense,13418.48,0.0,2025-11-08,Auto entry for transaction 336
339,183,Software Expense,9118.32,0.0,2024-01-21,Auto entry for transaction 183
340,215,Software Expense,11868.41,0.0,2023-03-16,Auto entry for transaction 215
341,156,Office Equipment,128.61,0.0,2023-10-16,Auto entry for transaction 156
342,405,Office Equipment,7053.62,0.0,2023-05-10,Auto entry for transaction 405
343,95,Travel Expense,674.79,0.0,2025-01-13,Auto entry for transaction 95
344,342,Software Expense,10255.59,0.0,2024-04-22,Auto entry for transaction 342
345,395,Accounts Payable,16905.2,0.0,2024-01-27,Auto entry for transaction 395
346,186,Travel Expense,13804.06,0.0,2024-03-07,Auto entry for transaction 186
347,441,Rent Expense,5034.29,0.0,2023-08-18,Auto entry for transaction 441
348,509,Accounts Payable,6808.41,0.0,2023-12-11,Auto entry for transaction 509
349,423,Rent Expense,6244.03,0.0,2024-02-06,Auto entry for transaction 423
350,548,Rent Expense,12622.45,0.0,2024-11-26,Auto entry for transaction 548
