1,Conference Fee,2847.68,2,297
2,Office Supplies,1892.5,5,284
3,Taxi Fare,3828.99,5,837
4,Taxi Fare,294.2,4,860
5,Training Workshop,1847.04,1,758
6,Conference Fee,2821.36,1,795
7,Conference Fee,477.5,4,40
8,Training Workshop,646.64,1,713
9,Cloud Subscription,463.85,5,33
10,Conference Fee,4667.64,1,506
11,Taxi Fare,4784.17,5,779
12,Training Workshop,64.9,4,938
13,Cloud Subscription,4799.24,1,733
14,Office Supplies,4540.65,1,659
15,Taxi Fare,4843.74,5,501
16,Training Workshop,3121.43,1,122
17,Conference Fee,945.86,3,549
18,Cloud Subscription,1418.31,5,568
19,Training Workshop,4065.11,1,474
20,Taxi Fare,3333.93,4,670
21,Client Lunch,4412.18,3,463
22,Office Supplies,3631.15,4,874
23,Taxi Fare,1910.42,4,94
24,Office Supplies,4025.78,3,472
25,Office Supplies,3397.36,3,181
26,Office Supplies,2908.22,2,371
27,Training Workshop,1710.03,1,914
28,Client Lunch,2667.95,5,702
29,Taxi Fare,1639.67,4,88
30,Client Lunch,2276.93,2,932
31,Taxi Fare,2478.27,2,188
32,Office Supplies,4783.99,3,358
33,Training Workshop,173.05,4,127
34,Training Workshop,660.58,2,15
35,Conference Fee,1552.58,2,5
36,Cloud Subscription,3257.92,5,356
37,Training Workshop,4466.66,3,551
38,Conference Fee,531.14,4,147
39,Training Workshop,4123.75,1,422
40,Office Supplies,126.31,4,626
41,Training Workshop,4213.63,2,487
42,Cloud Subscription,2971.52,5,948
43,Client Lunch,4784.79,3,845
44,Conference Fee,2431.5,2,373
45,Taxi Fare,4881.49,4,500
46,Client Lunch,688.31,3,498
47,Client Lunch,809.78,1,852
48,Cloud Subscription,4624.81,2,712
49,Client Lunch,1117.68,1,368
50,Client Lunch,3748.83,2,193
51,Cloud Subscription,1410.4,3,400
52,Conference Fee,255.41,4,201
53,Taxi Fare,468.13,4,720
54,Office Supplies,1725.58,4,51
55,Taxi Fare,4764.75,1,752
56,Office Supplies,2131.94,3,427
57,Office Supplies,3513.8,5,913
58,Cloud Subscription,542.58,2,524
59,Office Supplies,2650.03,4,944
60,Conference Fee,3434.34,5,934
61,Training Workshop,4897.58,2,187
62,Client Lunch,2269.35,2,116
63,Cloud Subscription,903.61,1,101
64,Conference Fee,4894.86,2,325
65,Cloud Subscription,2107.83,3,800
66,Conference Fee,2094.78,4,255
67,Cloud Subscription,447.21,4,106
68,Taxi Fare,3791.71,4,383
69,Cloud Subscription,2704.22,5,420
70,Client Lunch,3088.38,2,436
71,Client Lunch,1486.23,4,468
72,Taxi Fare,420.34,5,669
73,Taxi Fare,2673.35,1,537
74,Client Lunch,1934.1,3,686
75,Cloud Subscription,1945.4,3,690
76,Cloud Subscription,1584.91,5,546
77,Client Lunch,1541.48,5,166
78,Office Supplies,2737.19,2,436
79,Taxi Fare,1787.32,4,728
80,Conference Fee,4901.84,2,138
81,Taxi Fare,4566.89,1,143
82,Cloud Subscription,3416.98,5,993
83,Training Workshop,3404.0,2,602
84,Taxi Fare,2468.35,2,613
85,Taxi Fare,4696.39,1,135
86,Office Supplies,1130.81,5,637
87,Client Lunch,3263.28,5,717
88,Conference Fee,1698.09,2,956
89,Taxi Fare,1768.47,5,183
90,Taxi Fare,1263.28,2,284
91,Taxi Fare,2089.37,2,973
92,Cloud Subscription,4142.48,1,215
93,Conference Fee,3914.79,5,468
94,Conference Fee,692.41,3,875
95,Conference Fee,2593.93,3,342
96,Conference Fee,3480.72,4,309
97,Training Workshop,127.89,2,464
98,Cloud Subscription,4894.36,1,116
99,Office Supplies,2829.98,2,739
100,Training Workshop,2688.22,4,31
101,Taxi Fare,4254.5,3,92
102,Taxi Fare,2372.57,4,722
103,Taxi Fare,2302.67,3,484
104,Taxi Fare,1293.24,4,616
105,Cloud Subscription,2908.04,3,232
106,Client Lunch,4790.5,4,907
107,Conference Fee,4844.35,5,613
108,Training Workshop,2588.44,1,685
109,Taxi Fare,290.47,5,52
110,Cloud Subscription,2803.53,4,540
111,Taxi Fare,4096.53,1,771
112,Client Lunch,3368.5,3,644
113,Training Workshop,682.64,4,208
114,Cloud Subscription,3394.18,5,546
115,Taxi Fare,2033.13,4,242
116,Office Supplies,1023.08,3,506
117,Conference Fee,520.19,3,845
118,Training Workshop,1095.27,4,35
119,Conference Fee,3282.88,1,556
120,Taxi Fare,2003.98,1,109
121,Training Workshop,1261.51,4,450
122,Client Lunch,455.87,4,558
123,Client Lunch,224.39,2,23
124,Taxi Fare,2179.5,4,624
125,Training Workshop,1173.67,1,579
126,Taxi Fare,3142.85,4,801
127,Office Supplies,3592.08,3,823
128,Training Workshop,1791.18,3,755
129,Conference Fee,4520.58,2,5
130,Cloud Subscription,3135.22,1,907
131,Training Workshop,957.38,4,470
132,Training Workshop,3777.63,2,638
133,Office Supplies,3118.26,1,24
134,Conference Fee,681.44,4,560
135,Client Lunch,4994.34,2,537
136,Cloud Subscription,3686.27,5,423
137,Cloud Subscription,3518.36,1,66
138,Cloud Subscription,470.32,3,928
139,Training Workshop,1275.4,3,461
140,Conference Fee,337.27,1,667
141,Office Supplies,2418.43,4,352
142,Taxi Fare,2727.24,4,151
143,Office Supplies,1891.39,3,243
144,Office Supplies,1725.72,4,500
145,Client Lunch,235.06,2,492
146,Office Supplies,3170.6,1,920
147,Taxi Fare,4248.26,4,252
148,Client Lunch,655.61,1,126
149,Client Lunch,4019.99,4,803
150,Conference Fee,874.27,2,279
151,Conference Fee,3399.34,1,941
152,Office Supplies,439.48,4,77
153,Conference Fee,4413.65,1,959
154,Conference Fee,513.99,4,96
155,Cloud Subscription,4663.44,2,246
156,Training Workshop,523.12,4,685
157,Taxi Fare,3845.05,1,190
158,Client Lunch,3314.28,3,763
159,Training Workshop,4249.55,3,246
160,Taxi Fare,2107.39,3,471
161,Conference Fee,4537.05,2,417
162,Training Workshop,1071.75,3,892
163,Client Lunch,4294.63,2,400
164,Training Workshop,3711.92,5,705
165,Office Supplies,232.91,3,771
166,Client Lunch,2196.4,2,957
167,Cloud Subscription,3947.09,2,423
168,Client Lunch,2303.27,3,961
169,Office Supplies,4715.99,5,990
170,Office Supplies,3412.25,1,378
171,Taxi Fare,4262.08,4,257
172,Office Supplies,3894.6,4,218
173,Taxi Fare,3411.73,5,865
174,Cloud Subscription,300.68,4,444
175,Taxi Fare,2507.72,2,525
176,Client Lunch,2776.43,2,919
177,Cloud Subscription,498.98,5,740
178,Cloud Subscription,835.41,1,655
179,Taxi Fare,2690.13,4,944
180,Taxi Fare,3891.89,5,811
181,Cloud Subscription,2476.28,1,802
182,Taxi Fare,422.52,1,791
183,Taxi Fare,1843.19,2,470
184,Client Lunch,1791.45,5,779
185,Training Workshop,461.87,5,510
186,Taxi Fare,2401.1,3,54
187,Taxi Fare,739.52,1,360
188,Conference Fee,731.74,3,39
189,Conference Fee,1923.37,2,557
190,Conference Fee,2120.55,5,905
191,Conference Fee,1668.81,5,420
192,Taxi Fare,4541.36,3,32
193,Conference Fee,2358.59,5,690
194,Training Workshop,2980.98,1,110
195,Training Workshop,814.25,3,890
196,Taxi Fare,3770.48,1,327
197,Cloud Subscription,4804.64,1,156
198,Taxi Fare,4454.62,5,445
199,Client Lunch,2152.48,2,481
200,Client Lunch,401.47,4,339
201,Cloud Subscription,3554.62,2,331
202,Taxi Fare,1795.7,4,599
203,Office Supplies,3332.77,4,594
204,Office Supplies,3134.95,2,736
205,Taxi Fare,289.59,4,248
206,Cloud Subscription,1792.89,5,958
207,Conference Fee,2026.77,5,761
208,Training Workshop,4017.45,5,958
209,Cloud Subscription,3480.15,4,611
210,Cloud Subscription,2567.11,5,799
211,Client Lunch,281.21,4,247
212,Client Lunch,98.07,2,615
213,Cloud Subscription,4144.27,5,433
214,Conference Fee,2536.26,3,185
215,Office Supplies,3951.8,4,776
216,Taxi Fare,423.83,4,505
217,Client Lunch,1166.36,2,184
218,Office Supplies,4220.38,2,28
219,Training Workshop,4464.93,5,859
220,Cloud Subscription,1637.03,1,745
221,Client Lunch,4265.7,2,848
222,Training Workshop,1332.81,1,511
223,Cloud Subscription,2433.66,4,311
224,Office Supplies,4102.5,5,622
225,Office Supplies,1637.42,4,637
226,Conference Fee,222.28,3,567
227,Taxi Fare,1341.11,3,597
228,Office Supplies,2118.94,2,512
229,Office Supplies,2033.08,4,881
230,Training Workshop,3041.5,5,3
231,Taxi Fare,605.38,2,354
232,Taxi Fare,1955.29,4,935
233,Office Supplies,1314.5,2,76
234,Client Lunch,2783.94,2,116
235,Office Supplies,3289.12,4,291
236,Office Supplies,4591.37,1,795
237,Cloud Subscription,1698.25,3,424
238,Cloud Subscription,1309.65,4,938
239,Training Workshop,3613.58,2,136
240,Taxi Fare,97.86,2,60
241,Client Lunch,4598.73,2,410
242,Client Lunch,1866.82,2,772
243,Client Lunch,3279.73,3,399
244,Taxi Fare,2224.73,2,934
245,Office Supplies,3613.8,4,470
246,Conference Fee,4526.73,2,37
247,Conference Fee,1884.06,3,399
248,Taxi Fare,2573.35,5,146
249,Taxi Fare,2561.23,2,8
250,Cloud Subscription,4217.78,2,180
251,Conference Fee,517.45,5,713
252,Taxi Fare,758.49,1,289
253,Taxi Fare,2588.01,5,233
254,Training Workshop,4504.75,2,870
255,Conference Fee,4826.47,1,936
256,Cloud Subscription,2267.55,4,687
257,Training Workshop,56.63,3,377
258,Cloud Subscription,3156.85,4,14
259,Office Supplies,2122.98,5,722
260,Taxi Fare,3184.96,5,939
261,Training Workshop,1774.94,4,537
262,Training Workshop,3484.66,3,589
263,Conference Fee,3441.29,2,512
264,Training Workshop,4853.79,5,301
265,Cloud Subscription,2114.82,5,648
266,Taxi Fare,283.0,1,83
267,Client Lunch,1837.49,3,324
268,Taxi Fare,3762.54,5,338
269,Client Lunch,4099.23,2,784
270,Taxi Fare,3553.54,3,232
271,Taxi Fare,484.28,1,22
272,Training Workshop,4289.75,4,799
273,Client Lunch,1937.83,2,301
274,Conference Fee,90.98,4,771
275,Training Workshop,1412.19,5,566
276,Client Lunch,4419.54,2,64
277,Client Lunch,975.62,5,463
278,Training Workshop,2313.87,1,238
279,Cloud Subscription,3474.04,1,542
280,Office Supplies,2427.19,3,98
281,Office Supplies,1628.37,2,105
282,Conference Fee,3516.62,2,341
283,Taxi Fare,3216.13,3,621
284,Conference Fee,2515.64,2,125
285,Taxi Fare,1467.83,2,486
286,Office Supplies,2313.96,2,503
287,Conference Fee,1996.4,4,640
288,Client Lunch,3700.18,4,845
289,Conference Fee,2140.13,3,388
290,Taxi Fare,1186.73,1,279
291,Cloud Subscription,238.87,4,623
292,Office Supplies,4730.45,2,642
293,Taxi Fare,3824.46,5,418
294,Taxi Fare,2575.44,4,314
295,Taxi Fare,181.55,1,585
296,Client Lunch,4553.39,4,500
297,Training Workshop,1950.77,2,840
298,Cloud Subscription,4521.73,1,392
299,Training Workshop,1930.74,5,302
300,Cloud Subscription,2632.5,1,746
301,Conference Fee,3798.06,5,246
302,Cloud Subscription,2232.15,2,886
303,Cloud Subscription,381.14,1,58
304,Cloud Subscription,3320.72,3,189
305,Training Workshop,2705.35,3,8
306,Office Supplies,4194.24,5,996
307,Office Supplies,3682.86,3,580
308,Training Workshop,4965.43,1,480
309,Training Workshop,4125.88,4,176
310,Cloud Subscription,309.82,3,353
311,Taxi Fare,343.11,2,271
312,Training Workshop,1773.52,4,694
313,Client Lunch,4606.63,4,149
314,Office Supplies,150.2,5,981
315,Training Workshop,2347.94,5,46
316,Conference Fee,3773.57,5,523
317,Cloud Subscription,1451.68,2,322
318,Taxi Fare,1459.49,3,511
319,Cloud Subscription,4207.23,1,256
320,Cloud Subscription,469.15,2,942
321,Office Supplies,2845.09,2,249
322,Cloud Subscription,2194.89,1,111
323,Conference Fee,523.96,5,963
324,Office Supplies,4674.21,4,466
325,Client Lunch,4175.88,1,511
326,Taxi Fare,3968.51,1,880
327,Training Workshop,272.14,5,406
328,Cloud Subscription,3088.05,4,617
329,Training Workshop,2548.24,4,101
330,Client Lunch,819.16,1,813
331,Training Workshop,1028.4,2,77
332,Conference Fee,3420.34,1,408
333,Conference Fee,1057.69,2,157
334,Client Lunch,147.05,1,399
335,Conference Fee,1456.76,5,21
336,Cloud Subscription,2079.86,2,900
337,Training Workshop,4527.64,2,199
338,Conference Fee,569.61,5,287
339,Taxi Fare,440.09,4,320
340,Cloud Subscription,948.34,4,59
341,Client Lunch,2577.29,1,281
342,Client Lunch,2592.01,4,487
343,Training Workshop,2301.58,4,589
344,Taxi Fare,1657.6,3,936
345,Conference Fee,1040.77,5,923
346,Training Workshop,4087.14,3,121
347,Cloud Subscription,2719.78,4,981
348,Office Supplies,3359.65,2,219
349,Training Workshop,2523.15,3,715
350,Client Lunch,3707.0,4,627
