1,Interview approach,27587.65,2026-08-22,5
2,Debate create drug,38933.09,2026-08-16,2
3,Mission maybe,27763.18,2025-08-01,5
4,Against manager,89423.28,2025-11-16,2
5,Line able either reach,51668.49,2026-06-15,2
6,Information student fund strong,41219.79,2026-10-06,5
7,When concern,49119.69,2025-12-18,3
8,Prevent fire cup television,28251.94,2025-12-13,2
9,Either art without,16694.36,2026-02-24,2
10,Night let hospital,65441.24,2025-05-24,3
11,Certain myself,29444.83,2026-02-24,2
12,Win shake letter,26514.73,2026-05-18,3
13,Or partner key,45449.81,2025-11-06,3
14,Book maybe avoid,22349.82,2026-01-30,5
15,National him,65336.95,2026-09-17,2
16,Will there,96690.07,2025-12-14,5
17,Account seek,9025.09,2026-01-14,5
18,Us mother,40615.54,2026-11-01,1
19,Change single,54091.04,2026-04-18,3
20,Note occur,75242.17,2026-11-04,4
21,Bank despite message,53609.0,2025-12-29,2
22,Conference sit each before,65978.76,2026-03-21,4
23,Happen sort,75383.97,2025-12-30,3
24,Relationship future,50227.88,2026-04-29,1
25,While each,82098.79,2026-01-04,1
26,Detail town long,64415.01,2025-05-30,1
27,Quickly run,78906.52,2026-07-24,3
28,Imagine network,95529.14,2025-06-21,3
29,Attention pattern,90181.77,2026-02-02,5
30,Small,22663.71,2025-05-27,1
31,Theory senior fast,57966.16,2026-02-09,2
32,Gas,81668.33,2025-05-27,4
33,Probably against,19661.73,2026-08-09,3
34,Maybe only war,70333.81,2026-01-20,4
35,Ahead perform challenge home,66384.88,2025-08-29,2
36,Agreement only,17862.9,2026-01-21,4
37,Born pretty miss,68258.39,2025-07-14,3
38,Make again,18157.84,2025-10-14,3
39,Charge officer national,83281.17,2026-11-15,5
40,Effort sea thank,16118.61,2026-05-13,2
41,Plant national,16079.57,2026-09-12,4
42,Rule again,90642.21,2025-10-21,4
43,Need this role,29514.07,2026-10-04,5
44,East social scientist,4772.51,2025-09-26,5
45,Yes share,77227.89,2026-07-10,3
46,West same forward,57691.94,2026-05-28,2
47,Political least,34525.53,2026-09-25,3
48,Indeed push attention,22435.92,2025-09-25,2
49,Design possible,9387.32,2025-12-11,2
50,Next environment,3328.43,2026-09-11,2
51,Wide discuss commercial,32457.71,2026-01-24,3
52,See agree open,46788.72,2026-01-11,2
53,Surface material investment,13962.18,2026-03-24,4
54,According trial,91144.4,2025-10-19,5
55,Military front run,24650.29,2025-12-27,3
56,General foot start,71501.67,2025-08-01,1
57,Eight maintain sound,4934.84,2025-06-22,3
58,Far way,99424.47,2026-02-18,5
59,Together,47408.22,2025-08-04,3
60,Every gas with result,1127.93,2026-02-08,4
61,Agent,87125.83,2026-11-19,5
62,Senior remain,11072.36,2026-07-27,2
63,Campaign exist,5108.9,2026-08-05,2
64,Five,27165.21,2026-01-03,1
65,Reason dog beyond outside,30504.01,2026-10-29,1
66,Together someone,70806.09,2026-05-18,1
67,Drug now,58242.93,2026-01-10,1
68,Rather join minute,61109.28,2026-08-05,5
69,Staff determine floor,71545.22,2025-07-26,3
70,Blue policy throughout,63297.46,2025-07-14,5
71,Range born agent,20974.58,2025-07-28,4
72,Right blood,73629.53,2026-11-07,2
73,Small personal,89646.47,2025-06-01,5
74,Tend,10327.45,2025-11-06,1
75,All hair,82611.03,2025-07-25,3
76,Difference tell near either,17995.27,2025-08-05,4
77,Too easy,99268.45,2026-08-22,1
78,Business use hand,22301.49,2026-10-14,4
79,A good bed,79530.68,2025-10-01,2
80,Three ball also,79464.1,2025-10-13,1
81,Technology democratic,62642.9,2026-03-28,4
82,Allow speech,27787.98,2026-06-16,3
83,Second many,37467.57,2026-06-16,2
84,Right toward,49617.5,2025-10-30,2
85,National environmental,55881.43,2025-08-22,2
86,Remain who hour,55690.01,2026-03-30,5
87,Seat outside,97587.45,2026-07-20,5
88,Rock professional be,67257.29,2026-10-03,4
89,Voice letter,70573.07,2025-10-02,4
90,Business now,37243.37,2025-11-18,1
91,Hot production,88251.0,2026-04-18,5
92,Lot process,63036.62,2026-06-26,4
93,Police want,68820.7,2026-09-01,3
94,Fight hundred,45169.99,2026-01-18,4
95,Use,8874.95,2025-10-17,2
96,Mrs improve,13781.66,2025-11-23,5
97,Close prove,73555.56,2025-11-07,1
98,Nice great quality,63665.77,2025-06-11,4
99,Movement style,46829.92,2025-07-19,1
100,Exist fly chance,69113.59,2026-10-04,3
101,Card together,26766.94,2026-06-05,4
102,Bill how central,63272.02,2026-11-11,4
103,Office maintain,6224.65,2025-06-28,3
104,Down law,57877.68,2026-02-13,5
105,Factor perform career,53256.52,2026-01-11,1
106,Hundred possible interview,50010.06,2025-10-14,2
107,Continue address firm realize,96360.88,2026-09-17,2
108,Series,3744.82,2026-05-27,5
109,Probably total resource,96162.25,2025-12-29,3
110,Together realize form,60841.31,2026-05-16,4
111,Seek box,28565.59,2025-12-08,5
112,Law action yourself last,90307.18,2026-10-08,2
113,Fire floor,96366.11,2026-02-10,3
114,Show stuff popular Mrs,43860.34,2026-07-14,4
115,Per power scene,77879.82,2026-01-22,4
116,Beautiful choice president music,29636.06,2025-07-11,4
117,Choose between,12965.75,2026-10-31,4
118,Power especially traditional,57777.75,2025-09-01,2
119,Court down state,34605.18,2026-01-31,5
120,Group region describe,58785.55,2026-02-13,3
121,Word program third,1125.61,2026-04-16,2
122,Something world,55929.02,2025-11-13,2
123,Player though address make,22735.38,2026-03-18,3
124,Mind,98457.62,2025-10-08,4
125,Management between must,75494.19,2026-03-18,4
126,Positive whole,21441.1,2026-10-18,2
127,Factor affect her,58909.14,2026-09-04,1
128,Order first series,43749.85,2026-04-15,2
129,Food build,55957.24,2025-11-08,4
130,Newspaper true Congress,69016.93,2026-03-26,4
131,Remember six,10087.29,2026-04-08,3
132,Agent job get,57031.57,2026-01-04,2
133,Director conference,65451.74,2026-07-02,3
134,And brother far,54265.91,2026-06-16,3
135,Toward back capital,4760.75,2026-03-25,4
136,Partner avoid make,23595.34,2026-07-28,2
137,Picture family explain,8939.55,2026-11-08,1
138,Personal physical,29612.85,2026-04-06,5
139,Country everything baby,42771.09,2025-07-24,5
140,Follow important body,39750.34,2025-06-01,3
141,Item site foot,67311.41,2025-09-28,4
142,Nearly still,4085.04,2026-11-20,3
143,House,12061.27,2025-08-17,3
144,Blue pressure,93094.86,2026-08-09,3
145,State unit industry,51113.04,2026-06-06,3
146,Almost expect message,76443.27,2026-07-27,5
147,Over start speech,64573.41,2026-03-02,3
148,Program rest everybody,21407.0,2025-10-19,2
149,Mouth vote,96582.5,2026-06-07,5
150,Mission,88522.58,2025-10-17,4
151,Cell draw,44849.91,2026-03-23,1
152,Building region,31688.93,2025-09-27,1
153,Yard result,37149.54,2025-12-15,3
154,Language,20541.15,2026-11-11,5
155,Between remember mother,79941.76,2026-04-13,5
156,Behind sort,33724.88,2025-10-07,5
157,Civil cost,71699.4,2026-09-06,1
158,Customer our,73622.84,2026-10-11,2
159,People past trade,55866.51,2025-08-10,1
160,Quite resource,65030.11,2025-09-17,4
161,Ball approach seem onto,71500.12,2025-06-29,2
162,Tell receive church,94776.66,2025-12-12,2
163,Summer almost yourself,18851.77,2026-07-27,2
164,Somebody heavy,90500.89,2026-08-02,4
165,Tree,39718.66,2026-06-26,5
166,Health down total bad,1234.77,2026-03-01,2
167,Particular power,66469.7,2026-10-17,4
168,Stock crime,12497.07,2026-06-02,1
169,Name begin,70053.72,2026-05-14,3
170,Win ok,87014.93,2025-07-09,4
171,Actually,64549.01,2025-11-26,2
172,Bad option,15012.02,2025-07-30,3
173,Fine,96907.39,2025-09-12,5
174,Finish or few,62707.58,2026-04-06,4
175,Attention civil police,78978.63,2026-07-19,3
176,Something least,52333.04,2025-12-28,5
177,Sea wish,62367.86,2026-04-10,1
178,Affect series personal,32316.79,2026-08-18,4
179,Ability,59185.83,2026-08-09,2
180,Meeting say,16567.74,2025-07-29,4
181,Wall wife shake,42182.95,2026-01-08,3
182,Yes environment,61625.89,2026-05-03,5
183,Why rule,4226.28,2026-08-21,2
184,Will control clear,15225.07,2026-08-03,2
185,Subject child,77552.05,2026-04-18,5
186,Identify produce coach,50203.07,2026-03-16,3
187,Democratic,41594.44,2026-01-21,4
188,Administration most wait movement,23158.65,2025-06-02,5
189,Marriage single,2147.68,2026-11-20,2
190,Why nor then woman,35442.69,2025-09-21,5
191,Bring more power,75174.08,2025-08-04,4
192,Exactly fall,82473.02,2025-06-21,2
193,Across recognize,60017.68,2025-06-02,4
194,Traditional,33779.38,2026-03-25,1
195,Down increase program few,81683.44,2025-05-31,4
196,Second great,76853.77,2026-09-18,2
197,Few,48854.33,2025-10-31,4
198,Human market,51734.15,2025-11-22,2
199,Out wife kid,85842.7,2026-09-29,4
200,Executive hair,51643.2,2026-03-15,5
201,Cell particular upon,11748.11,2026-05-31,5
202,Maybe,26357.66,2026-01-20,3
203,Home wear minute,7393.73,2025-11-11,4
204,Alone summer prove,14030.95,2026-06-20,4
205,Style resource,44590.13,2025-06-17,3
206,Continue maybe,81558.13,2026-04-21,4
207,Cut interest already,38721.89,2025-09-04,3
208,Item analysis,29353.51,2025-08-01,1
209,Generation education rate model,78553.61,2026-07-06,5
210,Pretty white outside,27525.68,2026-04-09,5
211,Can interview,4775.21,2025-09-28,5
212,Bag wait,10445.88,2025-09-24,3
213,Action budget prepare,96742.21,2026-01-05,5
214,Gas woman but,38464.5,2025-05-27,4
215,Result describe player threat,71612.77,2026-10-19,2
216,Generation hold some TV,56713.41,2026-01-11,5
217,Turn argue,86620.92,2026-11-09,2
218,Inside former activity,91615.01,2025-06-22,1
219,Field carry other,57727.92,2025-09-17,3
220,During partner,81956.48,2026-10-03,3
221,Top which grow,30219.18,2026-01-25,1
222,Sense in,70633.25,2025-11-07,2
223,Husband practice serve,88875.08,2026-01-24,3
224,Whom edge,25423.98,2025-05-29,5
225,People behind yourself gas,34106.96,2025-08-11,3
226,Find kid,34437.91,2026-03-30,1
227,Begin grow,7676.36,2026-08-14,2
228,Doctor whole address,20049.64,2025-08-06,1
229,Minute,63492.65,2025-06-01,3
230,Machine door much,73679.41,2026-07-02,4
231,Benefit huge,62210.75,2026-06-19,2
232,Memory short,70481.35,2025-07-02,3
233,Know too artist,70254.68,2025-11-06,5
234,Idea million,95734.89,2025-07-27,3
235,Bed wall entire,85151.15,2026-09-09,4
236,State administration your,26954.74,2026-11-03,1
237,Treatment,64317.05,2026-09-16,1
238,Trouble night clearly,72347.79,2026-03-31,1
239,We capital while,42223.87,2025-07-03,1
240,Feel,92126.05,2026-07-23,2
241,Adult,25993.46,2026-07-12,1
242,Score consumer black,88588.2,2026-09-29,4
243,Name office official,77874.16,2026-03-02,1
244,Apply hope federal,42515.11,2025-12-08,1
245,Her natural,40735.8,2025-12-20,5
246,Question behavior interest,70303.01,2025-10-01,2
247,Once,26249.59,2025-12-31,5
248,Before discussion,3874.04,2026-10-19,3
249,National soon education magazine,69839.51,2026-02-27,5
250,Long common,18224.83,2026-08-18,3
251,Whole cultural key,82799.16,2025-06-05,4
252,Safe also weight,87779.04,2026-06-29,1
253,Board fact,88834.75,2025-11-30,3
254,Former surface tough,31384.61,2025-09-30,2
255,Simple tonight,2713.79,2026-03-06,3
256,Increase trial,28079.31,2025-09-14,5
257,Lay seat,47389.45,2025-09-03,4
258,This after there,66243.82,2025-09-25,1
259,Where,21462.4,2025-11-18,2
260,International without wind,21082.07,2025-10-14,2
261,Industry role tree,93218.82,2026-04-18,3
262,Hour trade,60799.08,2026-11-12,3
263,Shake for,29107.35,2026-03-22,2
264,Bit sit toward like,67798.33,2025-10-02,2
265,Quite and beat company,71468.77,2026-09-15,5
266,Company,40239.82,2026-02-06,2
267,Ability minute light,63790.92,2025-08-19,5
268,Church success century,22499.16,2026-10-21,5
269,Simply left them,60888.54,2025-07-18,1
270,Father dream,42197.79,2026-11-20,5
271,Western fast,63391.76,2026-06-22,1
272,Country wall stand,10016.42,2025-10-27,2
273,Candidate dog affect,69726.65,2026-03-09,4
274,Half speak source,99927.36,2026-05-28,1
275,Another loss,86724.36,2026-06-25,5
276,Beat receive,47183.48,2026-07-29,2
277,Bank all will,30195.68,2025-11-18,2
278,Line safe under,17778.34,2026-01-27,1
279,Economy artist,13860.5,2026-08-24,3
280,Order option,38979.93,2025-10-16,2
281,Lot without degree loss,98412.97,2025-09-06,3
282,Fear open machine,40217.38,2025-09-14,2
283,Consumer several present,65689.91,2026-02-11,5
284,Difference star brother,53605.59,2026-02-27,3
285,Sure work consider,52745.08,2026-03-05,3
286,Significant marriage behavior,44391.59,2026-03-22,5
287,Which cup,83052.9,2025-11-26,5
288,Tend exactly recent owner,88509.91,2025-08-19,1
289,Professional with tell,97817.28,2025-12-24,4
290,Never chance,50920.52,2025-11-20,5
291,Production into audience,92161.74,2026-08-01,1
292,Manager soon film,53432.37,2025-12-15,3
293,Several sister form,10125.55,2026-02-09,4
294,Ago find television ten,62104.08,2025-11-16,2
295,Increase radio data write,63889.9,2025-06-02,1
296,Question somebody,42635.86,2026-10-31,2
297,Particular course here,56735.94,2026-07-10,5
298,Mouth look ten,77340.09,2025-09-29,1
299,Effect name,98420.47,2026-06-07,5
300,Parent strong,93408.3,2026-09-24,2
301,Word vote leg,42605.06,2026-11-14,4
302,Ten card significant impact,47388.73,2025-08-11,3
303,Shake father sell,73622.69,2026-06-27,5
304,Visit tough,56995.25,2025-06-12,1
305,Participant even section owner,28937.12,2026-09-12,5
306,Know,9738.96,2026-09-15,4
307,Laugh although,28828.68,2025-11-20,3
308,Prepare memory,18027.54,2025-09-01,4
309,Beat something wonder,36931.54,2026-09-16,1
310,By business statement,47507.48,2026-11-10,2
311,Go response five,81010.24,2025-09-13,4
312,Bar Congress stock,58927.48,2025-12-07,5
313,Republican production anything address,13954.95,2025-08-11,1
314,Major green two floor,28586.84,2025-08-13,1
315,Radio,11449.7,2026-09-13,4
316,Hotel try,68566.2,2026-06-24,4
317,Itself ahead,16754.88,2026-04-27,3
318,Memory part decision writer,48943.44,2026-07-04,3
319,Hold never,80481.98,2026-04-03,4
320,South he,60822.95,2026-08-20,2
321,History create,79386.7,2026-10-05,5
322,Term partner trade,35737.28,2025-09-06,2
323,Hot room cover,82156.55,2025-05-25,2
324,Your herself,92477.92,2025-08-31,2
325,The among,99460.08,2026-08-27,5
326,Opportunity senior among,57399.18,2025-07-31,4
327,Side television able,85481.59,2026-03-02,5
328,Government collection,25451.63,2025-12-07,4
329,Heart green,23133.51,2026-11-09,3
330,President student,38894.59,2025-07-06,5
331,Wall agent establish,43875.1,2025-12-12,1
332,Attorney law,51945.4,2025-11-21,3
333,Pattern wish sort,77149.85,2026-01-22,1
334,Lead style term,56638.51,2026-05-26,4
335,Public occur technology,72818.46,2026-01-26,2
336,Never effect true,70516.81,2026-10-16,2
337,Pick mother possible,95505.73,2026-07-31,4
338,Scene picture specific,14999.33,2026-06-27,1
339,Suddenly run often building,79909.32,2026-09-27,2
340,Development simple friend time,35638.51,2026-06-01,5
341,Live subject table,77069.25,2025-12-23,3
342,Middle,12329.37,2026-09-13,2
343,Tell experience trouble either,19609.86,2026-03-17,4
344,Likely word politics,57883.14,2026-03-09,1
345,Room chance reveal,57844.71,2026-08-24,1
346,Such,91322.55,2026-05-03,5
347,Half,25733.9,2026-02-21,5
348,Want each,52118.84,2026-04-25,1
349,Research compare,78439.45,2026-07-29,4
350,Ago but professional traditional,31796.0,2026-04-09,5
