Peace Max,Desktop,2024-01-22,46122.14,1
Yard Max,Software,2025-09-16,45933.32,4
Break Pro,Laptop,2024-04-15,21955.78,5
Meeting Pro,Desktop,2024-11-16,8079.79,2
Per Plus,Desktop,2025-03-05,14680.81,2
Various Max,Software,2023-05-15,15142.87,3
Green Pro,Laptop,2023-09-29,31911.02,1
World Pro,Vehicle,2025-07-20,47158.11,5
Expect Pro,Laptop,2024-03-07,23422.17,3
Matter Max,Vehicle,2025-06-29,32976.55,1
Military Plus,Furniture,2025-07-09,30673.36,1
Require Plus,Laptop,2023-09-23,9973.87,5
Poor Max,Vehicle,2025-08-10,48971.26,5
Write Max,Vehicle,2025-06-13,49604.35,2
Ask Max,Printer,2024-08-31,22604.53,3
Until Pro,Desktop,2023-03-10,2920.28,4
Skin Pro,Printer,2025-05-06,37255.47,3
Into Max,Laptop,2024-12-03,30959.85,2
Much Pro,Printer,2024-11-16,35206.83,4
Much Plus,Vehicle,2023-12-27,10458.34,1
Politics Pro,Desktop,2023-12-30,46399.43,4
Usually Max,Laptop,2025-11-20,38823.51,5
Way Pro,Printer,2023-02-07,44863.23,2
Often Plus,Server,2023-10-24,24668.21,5
Either Max,Printer,2023-09-15,37093.61,3
Leg Plus,Vehicle,2024-01-02,49167.22,1
Certainly Max,Software,2025-01-21,40069.81,4
Campaign Plus,Software,2025-07-17,21170.48,2
Owner Plus,Server,2024-03-20,38416.26,3
Night Pro,Printer,2025-11-05,44898.61,5
Price Max,Desktop,2025-04-21,34775.22,2
Ask Plus,Furniture,2024-07-14,27165.61,1
Federal Pro,Server,2024-07-22,30292.04,3
On Plus,Vehicle,2023-06-15,42926.38,2
Sport Max,Desktop,2024-01-29,23063.79,4
Always Max,Vehicle,2025-05-06,8998.29,5
Focus Plus,Furniture,2025-11-19,38257.82,3
Anyone Max,Furniture,2024-01-27,31725.41,3
She Plus,Server,2025-05-30,48167.14,3
Thing Max,Server,2023-05-15,19466.02,2
System Pro,Software,2025-04-14,35644.95,4
Owner Pro,Printer,2023-04-22,34054.02,5
Consumer Plus,Server,2023-08-21,16649.76,2
Admit Pro,Furniture,2023-02-17,7630.05,1
Top Plus,Server,2024-04-16,33546.62,2
Other Pro,Furniture,2024-10-12,42141.57,3
Report Max,Desktop,2023-01-08,10176.54,4
Single Plus,Software,2024-09-14,7531.21,5
Accept Max,Printer,2025-08-07,42211.77,2
Third Max,Furniture,2024-05-02,42475.74,3
Level Pro,Furniture,2025-05-07,31017.65,5
Assume Pro,Printer,2025-02-17,16287.54,5
Discussion Plus,Software,2024-11-09,4488.1,4
Of Plus,Vehicle,2024-04-19,22226.15,1
Dinner Plus,Furniture,2024-10-30,47689.64,5
Back Pro,Server,2023-07-17,40810.45,1
Enter Pro,Printer,2024-10-13,11932.68,5
Big Pro,Vehicle,2025-01-05,49723.77,1
Should Max,Desktop,2024-02-27,27021.45,5
Particular Pro,Software,2025-02-08,10515.0,2
Green Max,Laptop,2024-04-01,35678.05,5
Rich Max,Software,2025-10-12,13803.13,2
Sense Pro,Server,2023-08-31,43670.57,1
Church Plus,Furniture,2025-09-03,19065.75,5
Part Pro,Software,2023-07-20,32045.84,4
Drug Max,Software,2025-04-01,42500.15,4
When Plus,Software,2025-02-21,36461.02,3
Response Plus,Laptop,2025-02-13,43584.23,4
Suffer Plus,Laptop,2023-01-10,24307.15,3
Weight Pro,Printer,2024-08-11,8745.6,3
Others Pro,Printer,2025-02-02,4380.43,3
Close Max,Printer,2025-08-24,23230.39,3
Huge Plus,Furniture,2024-04-27,28747.21,1
Edge Plus,Desktop,2025-07-13,6035.9,5
Set Pro,Desktop,2023-03-15,10218.28,2
Bit Pro,Software,2024-12-04,24318.67,2
Door Max,Printer,2023-02-17,5682.04,3
Test Pro,Laptop,2024-07-17,34997.59,2
As Plus,Vehicle,2025-01-03,24182.63,3
Activity Pro,Vehicle,2024-10-28,31506.28,1
Thus Pro,Desktop,2023-08-03,16480.67,1
General Plus,Desktop,2024-08-12,13455.85,5
Lawyer Plus,Server,2025-05-28,25161.98,2
Last Plus,Software,2025-07-11,30179.58,5
Gas Max,Furniture,2023-05-14,25586.56,5
Hear Plus,Software,2024-05-21,11443.42,4
Population Plus,Vehicle,2023-07-29,28279.92,3
Difference Max,Laptop,2024-06-10,15361.99,1
Later Max,Laptop,2024-06-25,33656.39,5
Structure Max,Software,2024-02-07,11744.47,4
Anything Pro,Printer,2024-02-16,7838.58,3
Instead Max,Desktop,2025-10-25,39464.78,2
Follow Pro,Laptop,2024-06-27,42085.28,4
Alone Max,Vehicle,2023-06-11,41869.35,1
Month Pro,Laptop,2024-09-03,36308.9,4
Television Pro,Software,2025-03-29,24955.82,1
Kitchen Pro,Server,2024-06-17,30048.55,1
Air Pro,Desktop,2023-06-27,10715.39,1
Enter Plus,Furniture,2023-09-30,10530.09,5
Unit Pro,Software,2023-12-22,28895.85,4
Argue Pro,Furniture,2023-07-25,10591.33,2
Sure Pro,Software,2024-02-26,14444.98,1
Network Plus,Desktop,2023-01-10,47573.65,1
Rise Max,Furniture,2024-01-13,41514.27,2
Positive Plus,Furniture,2024-02-01,24376.44,5
Worry Max,Furniture,2024-03-10,16817.95,3
Possible Plus,Server,2025-03-30,34774.29,4
Day Pro,Vehicle,2023-11-06,45888.06,2
Difficult Max,Vehicle,2025-07-26,12301.1,5
Factor Plus,Software,2025-04-03,16038.24,4
Left Plus,Furniture,2024-07-07,49342.0,4
Employee Plus,Software,2024-03-09,34481.88,2
Example Pro,Vehicle,2025-02-12,11508.12,3
Factor Plus,Server,2025-09-10,41969.88,1
Seven Pro,Desktop,2023-04-23,27695.76,3
Each Plus,Laptop,2024-05-14,32980.05,3
Voice Pro,Desktop,2024-09-02,15423.75,4
Would Max,Server,2022-12-09,34013.67,1
Push Plus,Furniture,2025-07-23,19917.99,3
Sign Plus,Furniture,2024-12-09,44041.08,1
General Plus,Software,2024-07-10,12289.86,5
Quality Max,Server,2023-08-21,20621.88,3
College Pro,Desktop,2023-05-10,28777.03,2
Recently Plus,Laptop,2024-11-06,24183.36,3
Article Plus,Software,2024-07-26,48562.16,3
Company Plus,Laptop,2024-03-29,39384.79,3
Account Max,Server,2024-05-12,8956.59,1
Write Max,Vehicle,2023-02-10,27495.72,3
Personal Plus,Furniture,2024-06-30,17370.12,4
Student Plus,Vehicle,2023-07-23,15546.81,5
Quickly Plus,Vehicle,2025-04-13,7813.27,1
Child Pro,Furniture,2025-04-14,19845.9,3
Each Plus,Server,2024-05-26,27068.81,2
Pressure Max,Furniture,2025-02-16,3060.52,1
Instead Max,Printer,2023-11-04,36364.16,1
Short Plus,Vehicle,2024-08-16,34299.17,4
Politics Max,Furniture,2025-02-24,26986.03,2
Mission Plus,Desktop,2024-03-23,30300.44,1
Never Max,Printer,2023-05-22,29453.86,3
Doctor Pro,Software,2024-07-15,3572.69,4
Food Pro,Vehicle,2024-07-16,10729.45,2
Deal Pro,Server,2024-05-29,34810.55,1
Sea Pro,Desktop,2024-05-06,47494.99,3
Although Max,Desktop,2025-10-03,17296.75,2
North Pro,Vehicle,2024-07-21,18939.17,3
Party Pro,Software,2024-08-16,14468.89,3
Executive Plus,Laptop,2025-02-23,3103.41,5
Decade Plus,Printer,2024-03-12,12282.26,2
Radio Plus,Furniture,2025-04-22,3551.11,2
Various Plus,Laptop,2024-06-15,35848.93,3
