466,UPDATE,departments,1130,2025-11-07 04:06:32.714050,Auto log 1
436,APPROVE,departments,1607,2025-11-12 06:34:32.714057,Auto log 2
787,APPROVE,assets,358,2025-11-19 10:24:32.714060,Auto log 3
212,UPDATE,bookkeeping,850,2025-10-18 18:06:32.714062,Auto log 4
380,INSERT,assets,1837,2025-10-11 19:21:32.714064,Auto log 5
75,APPROVE,liabilities,822,2025-10-10 01:32:32.714067,Auto log 6
199,APPROVE,transactions,1557,2025-09-21 01:32:32.714069,Auto log 7
269,UPDATE,departments,127,2025-11-02 12:38:32.714071,Auto log 8
388,APPROVE,transactions,1921,2025-09-14 17:59:32.714073,Auto log 9
192,UPDATE,bookkeeping,682,2025-11-17 11:02:32.714075,Auto log 10
223,DELETE,assets,935,2025-11-14 20:48:32.714077,Auto log 11
213,DELETE,expenses,266,2025-10-04 07:10:32.714079,Auto log 12
321,APPROVE,bookkeeping,287,2025-10-28 17:00:32.714081,Auto log 13
504,APPROVE,users,1928,2025-10-19 00:57:32.714083,Auto log 14
103,DELETE,transactions,1843,2025-09-13 01:08:32.714085,Auto log 15
862,INSERT,bookkeeping,302,2025-11-14 01:02:32.714086,Auto log 16
324,UPDATE,users,1453,2025-11-09 15:41:32.714088,Auto log 17
280,UPDATE,bookkeeping,1123,2025-10-30 07:25:32.714090,Auto log 18
494,APPROVE,liabilities,1426,2025-10-03 04:59:32.714092,Auto log 19
333,UPDATE,liabilities,107,2025-10-16 03:05:32.714094,Auto log 20
453,APPROVE,liabilities,1056,2025-10-28 09:26:32.714096,Auto log 21
78,UPDATE,transactions,775,2025-10-30 10:06:32.714097,Auto log 22
669,DELETE,departments,783,2025-09-18 18:36:32.714099,Auto log 23
987,APPROVE,departments,492,2025-11-14 00:39:32.714101,Auto log 24
486,INSERT,bookkeeping,1205,2025-10-31 07:14:32.714103,Auto log 25
334,UPDATE,transactions,1152,2025-10-15 09:19:32.714106,Auto log 26
818,INSERT,expenses,648,2025-11-08 03:06:32.714108,Auto log 27
134,DELETE,users,965,2025-10-23 02:26:32.714110,Auto log 28
124,APPROVE,departments,474,2025-10-29 20:22:32.714111,Auto log 29
526,INSERT,bookkeeping,1513,2025-11-15 12:04:32.714113,Auto log 30
448,UPDATE,departments,1524,2025-11-16 06:23:32.714115,Auto log 31
204,DELETE,users,1677,2025-11-10 16:07:32.714117,Auto log 32
681,DELETE,liabilities,1795,2025-11-03 04:29:32.714119,Auto log 33
198,UPDATE,liabilities,485,2025-11-19 23:25:32.714121,Auto log 34
564,APPROVE,transactions,1635,2025-10-27 07:35:32.714123,Auto log 35
45,UPDATE,transactions,1936,2025-10-19 06:13:32.714125,Auto log 36
355,DELETE,users,953,2025-10-17 13:57:32.714127,Auto log 37
31,DELETE,expenses,1826,2025-10-06 15:49:32.714129,Auto log 38
389,INSERT,bookkeeping,761,2025-09-27 13:54:32.714130,Auto log 39
209,UPDATE,expenses,1603,2025-09-22 09:35:32.714132,Auto log 40
414,UPDATE,bookkeeping,863,2025-09-25 10:20:32.714134,Auto log 41
982,APPROVE,transactions,1734,2025-11-20 11:41:32.714136,Auto log 42
481,INSERT,transactions,931,2025-11-08 05:40:32.714137,Auto log 43
308,APPROVE,liabilities,1712,2025-10-31 22:32:32.714139,Auto log 44
203,DELETE,users,1162,2025-11-01 16:46:32.714141,Auto log 45
262,APPROVE,transactions,919,2025-10-03 07:12:32.714143,Auto log 46
779,APPROVE,expenses,1081,2025-09-28 02:47:32.714145,Auto log 47
548,UPDATE,assets,290,2025-11-01 19:38:32.714146,Auto log 48
418,APPROVE,transactions,1837,2025-10-14 04:38:32.714148,Auto log 49
869,DELETE,departments,572,2025-10-11 16:27:32.714150,Auto log 50
778,UPDATE,users,1160,2025-11-02 00:14:32.714152,Auto log 51
631,INSERT,assets,520,2025-11-17 12:17:32.714154,Auto log 52
224,DELETE,users,816,2025-10-01 23:08:32.714155,Auto log 53
499,UPDATE,expenses,1629,2025-10-13 20:59:32.714157,Auto log 54
323,INSERT,bookkeeping,1404,2025-10-16 06:49:32.714159,Auto log 55
249,UPDATE,liabilities,1840,2025-10-05 22:11:32.714161,Auto log 56
653,APPROVE,users,1819,2025-09-12 20:29:32.714163,Auto log 57
406,INSERT,transactions,780,2025-09-13 15:19:32.714164,Auto log 58
83,APPROVE,bookkeeping,118,2025-11-10 10:46:32.714167,Auto log 59
602,APPROVE,users,1394,2025-11-09 22:23:32.714168,Auto log 60
733,INSERT,departments,1436,2025-11-05 10:30:32.714170,Auto log 61
243,INSERT,bookkeeping,642,2025-10-21 10:46:32.714172,Auto log 62
50,UPDATE,liabilities,814,2025-10-20 21:57:32.714174,Auto log 63
870,UPDATE,users,543,2025-10-04 15:02:32.714175,Auto log 64
749,INSERT,users,494,2025-10-01 17:32:32.714177,Auto log 65
401,UPDATE,departments,842,2025-10-07 22:54:32.714179,Auto log 66
496,DELETE,expenses,1375,2025-10-01 15:57:32.714181,Auto log 67
890,UPDATE,bookkeeping,1155,2025-09-23 19:37:32.714183,Auto log 68
247,UPDATE,users,391,2025-11-20 02:32:32.714184,Auto log 69
879,UPDATE,liabilities,1356,2025-10-20 00:48:32.714186,Auto log 70
925,INSERT,expenses,1122,2025-10-21 11:52:32.714188,Auto log 71
963,UPDATE,transactions,1403,2025-11-13 15:07:32.714190,Auto log 72
350,APPROVE,users,484,2025-11-11 20:00:32.714192,Auto log 73
315,INSERT,transactions,274,2025-11-14 20:35:32.714194,Auto log 74
779,INSERT,expenses,1986,2025-10-26 16:05:32.714195,Auto log 75
886,APPROVE,liabilities,634,2025-09-30 20:12:32.714197,Auto log 76
52,UPDATE,expenses,187,2025-11-10 01:43:32.714199,Auto log 77
958,APPROVE,bookkeeping,1127,2025-09-18 21:40:32.714201,Auto log 78
870,INSERT,assets,1649,2025-11-11 04:33:32.714203,Auto log 79
447,APPROVE,departments,1500,2025-09-19 01:22:32.714205,Auto log 80
332,DELETE,users,1927,2025-09-28 23:26:32.714206,Auto log 81
100,INSERT,transactions,159,2025-10-25 13:39:32.714208,Auto log 82
316,APPROVE,bookkeeping,1373,2025-10-19 20:24:32.714211,Auto log 83
39,DELETE,departments,267,2025-10-11 10:01:32.714213,Auto log 84
101,UPDATE,transactions,804,2025-10-19 11:56:32.714214,Auto log 85
961,INSERT,expenses,630,2025-11-15 07:20:32.714216,Auto log 86
934,DELETE,departments,984,2025-09-17 03:09:32.714218,Auto log 87
682,INSERT,departments,1511,2025-11-06 08:09:32.714220,Auto log 88
427,UPDATE,users,1920,2025-11-08 17:25:32.714222,Auto log 89
410,INSERT,liabilities,730,2025-10-31 19:09:32.714223,Auto log 90
921,APPROVE,departments,608,2025-10-16 01:41:32.714225,Auto log 91
332,UPDATE,bookkeeping,299,2025-10-03 13:37:32.714227,Auto log 92
578,DELETE,liabilities,1241,2025-10-10 01:39:32.714229,Auto log 93
7,INSERT,departments,1398,2025-10-02 01:37:32.714231,Auto log 94
389,DELETE,departments,662,2025-10-21 09:52:32.714233,Auto log 95
498,INSERT,departments,884,2025-10-18 09:46:32.714235,Auto log 96
990,UPDATE,liabilities,1492,2025-11-11 12:03:32.714237,Auto log 97
580,APPROVE,users,878,2025-10-24 09:27:32.714238,Auto log 98
6,DELETE,expenses,1089,2025-10-13 10:28:32.714240,Auto log 99
379,UPDATE,liabilities,1309,2025-10-31 01:47:32.714242,Auto log 100
262,APPROVE,assets,1723,2025-11-12 12:46:32.714244,Auto log 101
350,APPROVE,liabilities,721,2025-10-10 12:55:32.714245,Auto log 102
848,UPDATE,assets,1327,2025-10-27 02:21:32.714247,Auto log 103
197,UPDATE,departments,1943,2025-09-12 21:01:32.714249,Auto log 104
216,DELETE,users,636,2025-10-01 07:47:32.714251,Auto log 105
597,APPROVE,assets,773,2025-09-27 21:43:32.714252,Auto log 106
24,APPROVE,liabilities,1284,2025-09-16 02:15:32.714254,Auto log 107
599,INSERT,expenses,1983,2025-09-14 16:52:32.714256,Auto log 108
794,INSERT,users,220,2025-11-08 11:09:32.714258,Auto log 109
166,INSERT,bookkeeping,1533,2025-09-19 10:27:32.714260,Auto log 110
277,INSERT,expenses,439,2025-10-16 22:16:32.714262,Auto log 111
8,UPDATE,liabilities,456,2025-10-01 22:57:32.714263,Auto log 112
823,UPDATE,departments,276,2025-09-17 20:21:32.714265,Auto log 113
759,UPDATE,transactions,393,2025-10-24 21:54:32.714267,Auto log 114
596,APPROVE,assets,1091,2025-10-27 03:54:32.714269,Auto log 115
702,APPROVE,liabilities,1812,2025-10-26 21:37:32.714271,Auto log 116
70,APPROVE,departments,1633,2025-09-23 12:47:32.714272,Auto log 117
295,UPDATE,assets,946,2025-11-02 15:15:32.714274,Auto log 118
849,APPROVE,expenses,1454,2025-10-23 02:21:32.714276,Auto log 119
958,APPROVE,assets,203,2025-10-13 13:04:32.714278,Auto log 120
706,DELETE,liabilities,1601,2025-10-17 08:07:32.714279,Auto log 121
548,APPROVE,users,353,2025-10-23 16:02:32.714281,Auto log 122
361,INSERT,transactions,1463,2025-10-04 19:56:32.714283,Auto log 123
926,INSERT,bookkeeping,335,2025-09-26 21:40:32.714285,Auto log 124
674,APPROVE,assets,331,2025-11-10 11:12:32.714286,Auto log 125
465,DELETE,assets,1903,2025-11-11 17:24:32.714288,Auto log 126
470,APPROVE,expenses,184,2025-11-18 06:21:32.714290,Auto log 127
738,DELETE,users,1868,2025-10-26 20:41:32.714292,Auto log 128
638,UPDATE,assets,916,2025-09-25 19:20:32.714293,Auto log 129
971,INSERT,liabilities,1794,2025-09-13 05:25:32.714295,Auto log 130
73,DELETE,users,1011,2025-10-09 09:29:32.714297,Auto log 131
1000,APPROVE,liabilities,631,2025-10-20 19:30:32.714299,Auto log 132
811,DELETE,users,1031,2025-10-19 13:47:32.714301,Auto log 133
238,INSERT,expenses,902,2025-11-15 11:23:32.714303,Auto log 134
784,INSERT,users,1462,2025-10-07 09:55:32.714305,Auto log 135
453,UPDATE,bookkeeping,36,2025-10-09 06:41:32.714306,Auto log 136
789,INSERT,assets,1824,2025-10-30 13:39:32.714308,Auto log 137
308,APPROVE,expenses,916,2025-11-10 03:13:32.714310,Auto log 138
255,UPDATE,transactions,1013,2025-10-14 05:57:32.714312,Auto log 139
760,DELETE,bookkeeping,1392,2025-10-28 14:37:32.714314,Auto log 140
293,UPDATE,expenses,239,2025-10-24 19:13:32.714315,Auto log 141
937,INSERT,users,761,2025-11-18 01:11:32.714317,Auto log 142
497,DELETE,expenses,395,2025-11-01 15:48:32.714319,Auto log 143
459,UPDATE,bookkeeping,1130,2025-10-14 05:54:32.714321,Auto log 144
667,INSERT,transactions,159,2025-10-26 22:16:32.714322,Auto log 145
217,APPROVE,departments,119,2025-10-20 06:16:32.714324,Auto log 146
468,DELETE,transactions,1608,2025-11-15 11:31:32.714326,Auto log 147
179,UPDATE,transactions,1885,2025-11-08 18:55:32.714327,Auto log 148
904,DELETE,assets,688,2025-10-24 16:01:32.714329,Auto log 149
895,APPROVE,expenses,1057,2025-10-26 08:29:32.714331,Auto log 150
6,INSERT,expenses,1716,2025-11-01 11:17:32.714333,Auto log 151
874,INSERT,expenses,321,2025-10-30 00:12:32.714335,Auto log 152
713,APPROVE,users,1617,2025-10-15 03:16:32.714337,Auto log 153
825,UPDATE,users,1382,2025-11-10 15:25:32.714338,Auto log 154
540,INSERT,users,866,2025-10-15 20:56:32.714340,Auto log 155
632,UPDATE,transactions,547,2025-11-17 18:16:32.714342,Auto log 156
95,UPDATE,bookkeeping,1561,2025-10-19 19:09:32.714344,Auto log 157
127,APPROVE,transactions,1989,2025-10-08 09:44:32.714345,Auto log 158
300,INSERT,expenses,438,2025-10-27 17:49:32.714347,Auto log 159
613,INSERT,bookkeeping,102,2025-11-05 13:54:32.714349,Auto log 160
717,APPROVE,departments,741,2025-09-13 10:17:32.714351,Auto log 161
988,UPDATE,bookkeeping,1175,2025-10-22 10:29:32.714353,Auto log 162
904,INSERT,assets,1373,2025-10-13 20:49:32.714354,Auto log 163
923,INSERT,bookkeeping,762,2025-10-16 13:11:32.714356,Auto log 164
641,APPROVE,bookkeeping,1799,2025-11-01 00:08:32.714358,Auto log 165
566,DELETE,bookkeeping,298,2025-10-13 06:53:32.714360,Auto log 166
816,UPDATE,liabilities,693,2025-10-19 03:11:32.714361,Auto log 167
496,APPROVE,expenses,1419,2025-11-10 11:59:32.714363,Auto log 168
752,APPROVE,departments,371,2025-10-30 16:02:32.714365,Auto log 169
350,UPDATE,liabilities,734,2025-10-07 01:57:32.714366,Auto log 170
616,INSERT,bookkeeping,398,2025-10-17 21:16:32.714368,Auto log 171
232,UPDATE,liabilities,139,2025-11-09 05:55:32.714370,Auto log 172
389,UPDATE,expenses,1154,2025-11-13 01:08:32.714372,Auto log 173
104,DELETE,users,1385,2025-09-24 18:55:32.714374,Auto log 174
238,APPROVE,users,937,2025-09-24 03:10:32.714375,Auto log 175
764,UPDATE,liabilities,120,2025-09-17 11:58:32.714377,Auto log 176
968,INSERT,bookkeeping,1384,2025-10-31 11:17:32.714379,Auto log 177
898,INSERT,liabilities,1818,2025-09-27 13:15:32.714381,Auto log 178
108,DELETE,liabilities,103,2025-10-22 14:01:32.714383,Auto log 179
631,UPDATE,bookkeeping,1540,2025-11-05 21:27:32.714384,Auto log 180
495,APPROVE,assets,389,2025-11-15 22:15:32.714386,Auto log 181
424,INSERT,users,309,2025-10-21 01:59:32.714388,Auto log 182
802,UPDATE,users,1125,2025-09-22 01:53:32.714391,Auto log 183
27,APPROVE,expenses,1126,2025-11-07 14:50:32.714392,Auto log 184
98,UPDATE,users,1588,2025-11-10 21:14:32.714394,Auto log 185
181,APPROVE,liabilities,153,2025-09-13 19:54:32.714396,Auto log 186
22,APPROVE,transactions,426,2025-10-15 20:34:32.714398,Auto log 187
550,DELETE,users,1815,2025-10-24 01:53:32.714399,Auto log 188
424,UPDATE,users,1624,2025-11-04 19:35:32.714401,Auto log 189
429,UPDATE,expenses,515,2025-09-27 13:16:32.714403,Auto log 190
491,UPDATE,departments,662,2025-10-01 20:26:32.714405,Auto log 191
987,INSERT,bookkeeping,1858,2025-09-20 14:06:32.714406,Auto log 192
796,UPDATE,departments,1185,2025-11-19 22:31:32.714408,Auto log 193
167,UPDATE,expenses,1419,2025-10-01 18:54:32.714410,Auto log 194
958,UPDATE,departments,1913,2025-10-13 02:08:32.714412,Auto log 195
215,DELETE,bookkeeping,1736,2025-10-03 01:09:32.714414,Auto log 196
378,INSERT,assets,937,2025-09-16 03:34:32.714415,Auto log 197
684,INSERT,liabilities,274,2025-11-18 17:19:32.714417,Auto log 198
943,APPROVE,users,1075,2025-11-05 00:39:32.714419,Auto log 199
445,APPROVE,expenses,1615,2025-09-13 02:24:32.714421,Auto log 200
109,APPROVE,transactions,1904,2025-11-08 19:16:32.714423,Auto log 201
185,DELETE,liabilities,1980,2025-09-27 12:59:32.714425,Auto log 202
861,INSERT,transactions,101,2025-10-22 22:03:32.714427,Auto log 203
620,UPDATE,departments,1748,2025-11-14 06:01:32.714428,Auto log 204
763,UPDATE,expenses,1518,2025-11-03 08:35:32.714430,Auto log 205
1000,APPROVE,expenses,194,2025-11-03 03:56:32.714432,Auto log 206
649,INSERT,liabilities,772,2025-10-19 10:38:32.714434,Auto log 207
48,UPDATE,assets,1627,2025-10-15 08:14:32.714436,Auto log 208
724,UPDATE,users,151,2025-10-05 04:23:32.714438,Auto log 209
800,UPDATE,expenses,829,2025-10-29 23:34:32.714440,Auto log 210
195,INSERT,liabilities,1117,2025-11-07 18:10:32.714441,Auto log 211
340,INSERT,departments,687,2025-10-31 18:14:32.714443,Auto log 212
555,APPROVE,assets,849,2025-10-01 20:34:32.714445,Auto log 213
81,DELETE,transactions,1293,2025-10-14 06:57:32.714447,Auto log 214
256,INSERT,bookkeeping,2000,2025-10-29 12:33:32.714449,Auto log 215
196,INSERT,expenses,323,2025-11-18 03:24:32.714451,Auto log 216
187,APPROVE,bookkeeping,1729,2025-11-01 08:40:32.714452,Auto log 217
200,DELETE,users,903,2025-09-25 07:26:32.714454,Auto log 218
592,DELETE,liabilities,414,2025-09-15 20:03:32.714456,Auto log 219
761,DELETE,transactions,1733,2025-09-12 17:14:32.714458,Auto log 220
897,UPDATE,assets,378,2025-10-26 14:34:32.714460,Auto log 221
163,APPROVE,departments,980,2025-10-14 08:31:32.714461,Auto log 222
596,DELETE,bookkeeping,1712,2025-09-22 10:49:32.714463,Auto log 223
224,DELETE,departments,972,2025-11-09 01:21:32.714465,Auto log 224
605,INSERT,transactions,1021,2025-10-09 11:44:32.714467,Auto log 225
358,INSERT,bookkeeping,660,2025-10-28 04:53:32.714469,Auto log 226
680,APPROVE,expenses,892,2025-10-28 22:59:32.714470,Auto log 227
639,UPDATE,liabilities,222,2025-11-19 23:18:32.714472,Auto log 228
990,APPROVE,liabilities,281,2025-10-05 11:49:32.714474,Auto log 229
517,UPDATE,assets,526,2025-11-15 22:56:32.714476,Auto log 230
993,APPROVE,expenses,176,2025-11-04 01:41:32.714477,Auto log 231
640,DELETE,users,1615,2025-10-07 11:07:32.714479,Auto log 232
498,UPDATE,bookkeeping,69,2025-10-11 10:37:32.714481,Auto log 233
916,INSERT,departments,1013,2025-10-13 04:03:32.714483,Auto log 234
587,APPROVE,transactions,343,2025-09-16 10:40:32.714484,Auto log 235
846,DELETE,users,467,2025-09-29 16:28:32.714486,Auto log 236
882,DELETE,users,607,2025-10-07 12:14:32.714488,Auto log 237
502,INSERT,assets,1234,2025-10-21 04:24:32.714490,Auto log 238
890,DELETE,bookkeeping,202,2025-09-16 20:18:32.714492,Auto log 239
504,APPROVE,transactions,1404,2025-11-17 12:55:32.714494,Auto log 240
887,DELETE,departments,643,2025-11-13 20:31:32.714496,Auto log 241
268,UPDATE,departments,1689,2025-09-14 14:35:32.714498,Auto log 242
865,UPDATE,liabilities,1265,2025-09-22 02:30:32.714499,Auto log 243
573,UPDATE,assets,709,2025-09-22 14:10:32.714501,Auto log 244
152,INSERT,departments,98,2025-10-29 03:59:32.714503,Auto log 245
485,UPDATE,assets,1735,2025-10-15 13:13:32.714504,Auto log 246
701,APPROVE,departments,1773,2025-09-16 08:48:32.714506,Auto log 247
457,UPDATE,bookkeeping,736,2025-09-18 14:45:32.714508,Auto log 248
446,DELETE,bookkeeping,1464,2025-11-20 13:26:32.714510,Auto log 249
82,DELETE,assets,456,2025-09-24 01:48:32.714512,Auto log 250
