433,Office Equipment,12478.68,0.0,2024-05-24,Auto entry for transaction 433
67,Cash,12067.32,0.0,2024-07-09,Auto entry for transaction 67
523,Travel Expense,12145.3,0.0,2024-01-12,Auto entry for transaction 523
390,Accounts Payable,3998.45,0.0,2024-09-20,Auto entry for transaction 390
149,Accounts Payable,8316.7,0.0,2022-12-30,Auto entry for transaction 149
404,Travel Expense,4194.08,0.0,2024-10-18,Auto entry for transaction 404
12,Office Equipment,12605.79,0.0,2023-04-28,Auto entry for transaction 12
394,Accounts Payable,5820.26,0.0,2022-12-20,Auto entry for transaction 394
46,Cash,12917.93,0.0,2024-02-25,Auto entry for transaction 46
153,Office Equipment,7835.12,0.0,2024-05-21,Auto entry for transaction 153
467,Software Expense,15240.64,0.0,2023-08-25,Auto entry for transaction 467
459,Rent Expense,17482.9,0.0,2025-11-02,Auto entry for transaction 459
137,Rent Expense,3860.62,0.0,2024-08-21,Auto entry for transaction 137
203,Rent Expense,13242.25,0.0,2024-09-06,Auto entry for transaction 203
277,Software Expense,19830.62,0.0,2024-08-11,Auto entry for transaction 277
449,Accounts Payable,1018.03,0.0,2024-11-01,Auto entry for transaction 449
545,Software Expense,15555.46,0.0,2024-10-03,Auto entry for transaction 545
376,Rent Expense,1885.53,0.0,2025-08-18,Auto entry for transaction 376
443,Rent Expense,5854.32,0.0,2023-08-26,Auto entry for transaction 443
289,Office Equipment,4893.66,0.0,2024-02-28,Auto entry for transaction 289
146,Software Expense,15290.74,0.0,2025-10-13,Auto entry for transaction 146
143,Accounts Payable,5716.65,0.0,2025-11-17,Auto entry for transaction 143
397,Cash,13294.05,0.0,2024-11-01,Auto entry for transaction 397
18,Office Equipment,18434.82,0.0,2023-04-16,Auto entry for transaction 18
349,Software Expense,931.58,0.0,2025-07-03,Auto entry for transaction 349
437,Cash,12159.14,0.0,2023-01-10,Auto entry for transaction 437
396,Office Equipment,19949.36,0.0,2023-04-01,Auto entry for transaction 396
119,Rent Expense,17251.47,0.0,2025-09-16,Auto entry for transaction 119
533,Software Expense,15474.09,0.0,2023-12-23,Auto entry for transaction 533
387,Software Expense,8538.24,0.0,2025-09-22,Auto entry for transaction 387
424,Travel Expense,8282.64,0.0,2025-06-27,Auto entry for transaction 424
282,Rent Expense,10233.83,0.0,2024-06-12,Auto entry for transaction 282
541,Rent Expense,9107.65,0.0,2023-03-21,Auto entry for transaction 541
109,Accounts Payable,13737.2,0.0,2025-10-29,Auto entry for transaction 109
487,Rent Expense,6737.27,0.0,2024-08-26,Auto entry for transaction 487
108,Cash,6180.01,0.0,2023-03-26,Auto entry for transaction 108
393,Travel Expense,1824.76,0.0,2024-01-28,Auto entry for transaction 393
451,Rent Expense,3008.62,0.0,2025-07-21,Auto entry for transaction 451
477,Travel Expense,1403.23,0.0,2023-05-03,Auto entry for transaction 477
448,Cash,939.04,0.0,2025-01-05,Auto entry for transaction 448
48,Office Equipment,7706.92,0.0,2023-10-01,Auto entry for transaction 48
473,Software Expense,17853.24,0.0,2025-02-24,Auto entry for transaction 473
13,Software Expense,18715.84,0.0,2023-02-04,Auto entry for transaction 13
39,Accounts Payable,12831.96,0.0,2025-07-05,Auto entry for transaction 39
314,Travel Expense,15184.38,0.0,2024-08-11,Auto entry for transaction 314
310,Travel Expense,19212.98,0.0,2023-05-23,Auto entry for transaction 310
62,Software Expense,14940.16,0.0,2024-04-21,Auto entry for transaction 62
78,Software Expense,16175.39,0.0,2023-04-26,Auto entry for transaction 78
124,Software Expense,16577.82,0.0,2023-03-15,Auto entry for transaction 124
304,Accounts Payable,6643.87,0.0,2023-03-08,Auto entry for transaction 304
255,Software Expense,13917.81,0.0,2024-10-17,Auto entry for transaction 255
356,Software Expense,7925.31,0.0,2023-11-10,Auto entry for transaction 356
415,Office Equipment,16013.79,0.0,2023-08-16,Auto entry for transaction 415
45,Software Expense,6449.6,0.0,2023-12-13,Auto entry for transaction 45
129,Cash,18057.13,0.0,2024-06-28,Auto entry for transaction 129
31,Travel Expense,16116.0,0.0,2025-10-06,Auto entry for transaction 31
283,Travel Expense,10166.64,0.0,2023-12-14,Auto entry for transaction 283
60,Accounts Payable,6892.88,0.0,2025-03-15,Auto entry for transaction 60
510,Rent Expense,16297.08,0.0,2025-10-30,Auto entry for transaction 510
358,Cash,4222.3,0.0,2024-07-19,Auto entry for transaction 358
236,Travel Expense,10479.27,0.0,2025-10-26,Auto entry for transaction 236
79,Travel Expense,19757.82,0.0,2024-12-18,Auto entry for transaction 79
134,Rent Expense,6066.76,0.0,2023-03-01,Auto entry for transaction 134
338,Accounts Payable,3312.87,0.0,2023-05-20,Auto entry for transaction 338
450,Cash,18892.76,0.0,2025-01-13,Auto entry for transaction 450
408,Accounts Payable,3206.26,0.0,2025-06-23,Auto entry for transaction 408
168,Cash,15024.66,0.0,2025-10-11,Auto entry for transaction 168
401,Accounts Payable,17788.04,0.0,2025-09-01,Auto entry for transaction 401
16,Travel Expense,8132.78,0.0,2024-07-31,Auto entry for transaction 16
205,Cash,2319.39,0.0,2023-10-20,Auto entry for transaction 205
28,Travel Expense,7009.83,0.0,2022-12-17,Auto entry for transaction 28
306,Accounts Payable,135.81,0.0,2024-05-12,Auto entry for transaction 306
167,Rent Expense,8621.18,0.0,2025-01-13,Auto entry for transaction 167
243,Accounts Payable,4598.89,0.0,2024-06-05,Auto entry for transaction 243
201,Rent Expense,10183.91,0.0,2025-10-10,Auto entry for transaction 201
344,Accounts Payable,7360.74,0.0,2025-05-09,Auto entry for transaction 344
254,Cash,12978.58,0.0,2022-12-05,Auto entry for transaction 254
162,Travel Expense,5904.32,0.0,2024-06-11,Auto entry for transaction 162
188,Office Equipment,5091.89,0.0,2023-03-20,Auto entry for transaction 188
103,Travel Expense,340.13,0.0,2023-01-06,Auto entry for transaction 103
411,Software Expense,1184.87,0.0,2024-04-21,Auto entry for transaction 411
172,Accounts Payable,7999.15,0.0,2024-01-23,Auto entry for transaction 172
54,Travel Expense,8807.46,0.0,2025-09-02,Auto entry for transaction 54
233,Rent Expense,17860.57,0.0,2023-12-12,Auto entry for transaction 233
457,Travel Expense,14444.3,0.0,2023-01-01,Auto entry for transaction 457
77,Office Equipment,15318.14,0.0,2025-06-24,Auto entry for transaction 77
293,Accounts Payable,9839.04,0.0,2023-03-06,Auto entry for transaction 293
413,Software Expense,1112.32,0.0,2025-08-29,Auto entry for transaction 413
406,Office Equipment,15139.48,0.0,2025-11-17,Auto entry for transaction 406
249,Travel Expense,4950.3,0.0,2024-01-07,Auto entry for transaction 249
225,Accounts Payable,15636.17,0.0,2023-01-13,Auto entry for transaction 225
385,Accounts Payable,6885.29,0.0,2023-02-01,Auto entry for transaction 385
412,Rent Expense,1374.45,0.0,2023-02-12,Auto entry for transaction 412
474,Office Equipment,12956.06,0.0,2025-08-23,Auto entry for transaction 474
251,Accounts Payable,8783.63,0.0,2023-02-13,Auto entry for transaction 251
422,Accounts Payable,6158.2,0.0,2024-12-05,Auto entry for transaction 422
514,Cash,4625.56,0.0,2023-03-30,Auto entry for transaction 514
220,Office Equipment,6058.88,0.0,2025-08-29,Auto entry for transaction 220
263,Rent Expense,2574.43,0.0,2023-02-02,Auto entry for transaction 263
184,Accounts Payable,10787.97,0.0,2025-10-19,Auto entry for transaction 184
150,Accounts Payable,19550.79,0.0,2024-04-27,Auto entry for transaction 150
218,Rent Expense,8902.7,0.0,2025-01-28,Auto entry for transaction 218
447,Cash,11233.29,0.0,2024-03-19,Auto entry for transaction 447
259,Rent Expense,9799.77,0.0,2022-12-17,Auto entry for transaction 259
402,Travel Expense,8129.47,0.0,2023-09-04,Auto entry for transaction 402
197,Accounts Payable,2940.26,0.0,2023-04-23,Auto entry for transaction 197
472,Software Expense,19953.75,0.0,2024-03-09,Auto entry for transaction 472
466,Cash,8178.06,0.0,2024-04-12,Auto entry for transaction 466
332,Accounts Payable,18462.07,0.0,2025-08-04,Auto entry for transaction 332
216,Cash,12369.49,0.0,2023-12-03,Auto entry for transaction 216
65,Travel Expense,4564.76,0.0,2025-11-18,Auto entry for transaction 65
73,Cash,13316.73,0.0,2023-06-17,Auto entry for transaction 73
345,Cash,5867.24,0.0,2024-08-15,Auto entry for transaction 345
145,Rent Expense,18380.76,0.0,2022-12-19,Auto entry for transaction 145
196,Cash,16740.65,0.0,2025-04-29,Auto entry for transaction 196
392,Rent Expense,15094.04,0.0,2023-09-10,Auto entry for transaction 392
320,Accounts Payable,17421.15,0.0,2025-09-06,Auto entry for transaction 320
230,Travel Expense,14691.01,0.0,2024-06-25,Auto entry for transaction 230
122,Cash,2666.56,0.0,2024-07-27,Auto entry for transaction 122
248,Accounts Payable,8319.84,0.0,2025-07-12,Auto entry for transaction 248
417,Cash,6961.44,0.0,2023-03-14,Auto entry for transaction 417
111,Office Equipment,11425.43,0.0,2024-07-29,Auto entry for transaction 111
444,Office Equipment,11538.08,0.0,2023-01-04,Auto entry for transaction 444
543,Rent Expense,14672.09,0.0,2023-09-04,Auto entry for transaction 543
195,Cash,12163.26,0.0,2024-12-17,Auto entry for transaction 195
112,Rent Expense,15763.77,0.0,2025-10-08,Auto entry for transaction 112
113,Travel Expense,3751.14,0.0,2023-09-02,Auto entry for transaction 113
240,Office Equipment,11630.52,0.0,2024-04-14,Auto entry for transaction 240
299,Rent Expense,3612.06,0.0,2024-05-02,Auto entry for transaction 299
381,Rent Expense,9564.06,0.0,2024-01-14,Auto entry for transaction 381
51,Rent Expense,13475.22,0.0,2024-05-05,Auto entry for transaction 51
531,Travel Expense,17927.76,0.0,2023-05-14,Auto entry for transaction 531
420,Office Equipment,18854.92,0.0,2022-12-21,Auto entry for transaction 420
327,Software Expense,14946.86,0.0,2022-12-21,Auto entry for transaction 327
539,Accounts Payable,7968.92,0.0,2023-10-11,Auto entry for transaction 539
547,Office Equipment,12719.67,0.0,2024-04-07,Auto entry for transaction 547
378,Cash,2320.54,0.0,2023-07-06,Auto entry for transaction 378
285,Cash,4673.54,0.0,2024-02-05,Auto entry for transaction 285
316,Office Equipment,11778.24,0.0,2023-04-04,Auto entry for transaction 316
442,Rent Expense,19962.83,0.0,2024-05-22,Auto entry for transaction 442
481,Accounts Payable,13414.78,0.0,2023-11-12,Auto entry for transaction 481
159,Cash,3711.12,0.0,2025-02-16,Auto entry for transaction 159
19,Cash,15607.72,0.0,2023-12-03,Auto entry for transaction 19
128,Office Equipment,7678.56,0.0,2025-01-19,Auto entry for transaction 128
187,Cash,18926.14,0.0,2024-10-03,Auto entry for transaction 187
425,Software Expense,1516.23,0.0,2024-08-31,Auto entry for transaction 425
462,Cash,2317.62,0.0,2023-06-17,Auto entry for transaction 462
272,Cash,690.33,0.0,2024-12-28,Auto entry for transaction 272
115,Software Expense,18645.97,0.0,2024-01-04,Auto entry for transaction 115
521,Software Expense,6676.17,0.0,2024-09-15,Auto entry for transaction 521
131,Software Expense,312.86,0.0,2023-02-03,Auto entry for transaction 131
319,Office Equipment,11161.56,0.0,2025-05-13,Auto entry for transaction 319
87,Rent Expense,2079.31,0.0,2024-10-26,Auto entry for transaction 87
468,Cash,14740.42,0.0,2024-11-15,Auto entry for transaction 468
318,Software Expense,8197.14,0.0,2023-02-21,Auto entry for transaction 318
93,Software Expense,7605.13,0.0,2024-11-25,Auto entry for transaction 93
209,Software Expense,8130.53,0.0,2024-01-22,Auto entry for transaction 209
219,Rent Expense,13059.13,0.0,2025-05-03,Auto entry for transaction 219
500,Office Equipment,7811.08,0.0,2023-04-22,Auto entry for transaction 500
182,Rent Expense,2765.55,0.0,2024-07-03,Auto entry for transaction 182
223,Cash,262.59,0.0,2024-05-05,Auto entry for transaction 223
446,Office Equipment,7717.71,0.0,2023-05-08,Auto entry for transaction 446
432,Travel Expense,4609.05,0.0,2024-08-22,Auto entry for transaction 432
292,Software Expense,18394.01,0.0,2025-10-30,Auto entry for transaction 292
513,Software Expense,13283.9,0.0,2024-02-24,Auto entry for transaction 513
469,Cash,6785.24,0.0,2024-05-25,Auto entry for transaction 469
313,Accounts Payable,1660.4,0.0,2023-04-03,Auto entry for transaction 313
501,Office Equipment,11955.37,0.0,2024-09-28,Auto entry for transaction 501
191,Office Equipment,19830.12,0.0,2023-07-20,Auto entry for transaction 191
311,Office Equipment,1672.32,0.0,2025-11-17,Auto entry for transaction 311
287,Office Equipment,12035.14,0.0,2024-10-31,Auto entry for transaction 287
330,Software Expense,19624.96,0.0,2025-09-22,Auto entry for transaction 330
75,Travel Expense,6320.22,0.0,2025-02-09,Auto entry for transaction 75
428,Cash,13075.14,0.0,2024-04-04,Auto entry for transaction 428
141,Office Equipment,12612.95,0.0,2025-07-14,Auto entry for transaction 141
246,Software Expense,9900.31,0.0,2023-05-22,Auto entry for transaction 246
518,Travel Expense,14245.46,0.0,2022-11-21,Auto entry for transaction 518
252,Cash,12080.37,0.0,2023-04-06,Auto entry for transaction 252
380,Software Expense,14596.68,0.0,2025-07-05,Auto entry for transaction 380
454,Accounts Payable,1248.43,0.0,2025-07-04,Auto entry for transaction 454
527,Cash,9981.49,0.0,2023-03-10,Auto entry for transaction 527
171,Accounts Payable,12310.87,0.0,2024-02-12,Auto entry for transaction 171
366,Rent Expense,13218.67,0.0,2023-03-08,Auto entry for transaction 366
229,Software Expense,3108.26,0.0,2025-09-01,Auto entry for transaction 229
148,Rent Expense,13601.05,0.0,2024-11-23,Auto entry for transaction 148
504,Office Equipment,15389.3,0.0,2024-12-01,Auto entry for transaction 504
346,Accounts Payable,15736.65,0.0,2025-01-12,Auto entry for transaction 346
537,Travel Expense,6801.14,0.0,2023-03-02,Auto entry for transaction 537
439,Accounts Payable,1956.26,0.0,2024-12-20,Auto entry for transaction 439
512,Accounts Payable,12802.2,0.0,2024-07-15,Auto entry for transaction 512
371,Travel Expense,14018.16,0.0,2023-09-12,Auto entry for transaction 371
497,Accounts Payable,2633.16,0.0,2025-03-07,Auto entry for transaction 497
190,Cash,3319.78,0.0,2024-09-14,Auto entry for transaction 190
228,Rent Expense,7559.01,0.0,2024-06-12,Auto entry for transaction 228
208,Cash,521.65,0.0,2024-08-24,Auto entry for transaction 208
91,Accounts Payable,935.9,0.0,2024-02-02,Auto entry for transaction 91
5,Accounts Payable,13280.41,0.0,2024-04-24,Auto entry for transaction 5
352,Cash,19128.4,0.0,2022-11-23,Auto entry for transaction 352
369,Accounts Payable,3821.4,0.0,2025-05-20,Auto entry for transaction 369
121,Rent Expense,13389.74,0.0,2023-03-24,Auto entry for transaction 121
429,Software Expense,18342.33,0.0,2025-11-14,Auto entry for transaction 429
262,Travel Expense,6188.95,0.0,2025-05-21,Auto entry for transaction 262
154,Cash,8278.57,0.0,2023-09-14,Auto entry for transaction 154
357,Office Equipment,9894.59,0.0,2023-09-23,Auto entry for transaction 357
158,Accounts Payable,8941.52,0.0,2023-04-24,Auto entry for transaction 158
353,Accounts Payable,11253.82,0.0,2025-07-15,Auto entry for transaction 353
202,Accounts Payable,18870.41,0.0,2023-09-14,Auto entry for transaction 202
245,Travel Expense,11853.47,0.0,2023-02-14,Auto entry for transaction 245
106,Accounts Payable,2192.92,0.0,2022-12-24,Auto entry for transaction 106
493,Office Equipment,6723.0,0.0,2024-09-24,Auto entry for transaction 493
120,Accounts Payable,10751.72,0.0,2024-11-18,Auto entry for transaction 120
326,Software Expense,2984.8,0.0,2022-12-16,Auto entry for transaction 326
157,Accounts Payable,5794.45,0.0,2024-05-17,Auto entry for transaction 157
331,Rent Expense,1952.88,0.0,2024-11-27,Auto entry for transaction 331
515,Software Expense,16545.73,0.0,2025-04-10,Auto entry for transaction 515
275,Rent Expense,7824.63,0.0,2024-05-02,Auto entry for transaction 275
147,Accounts Payable,13711.05,0.0,2024-12-15,Auto entry for transaction 147
267,Cash,11207.03,0.0,2024-01-25,Auto entry for transaction 267
80,Cash,16263.04,0.0,2024-09-23,Auto entry for transaction 80
97,Accounts Payable,19298.32,0.0,2023-06-11,Auto entry for transaction 97
237,Cash,19631.6,0.0,2024-03-22,Auto entry for transaction 237
276,Rent Expense,19255.51,0.0,2024-11-04,Auto entry for transaction 276
241,Travel Expense,720.45,0.0,2024-04-03,Auto entry for transaction 241
475,Accounts Payable,14173.14,0.0,2023-10-12,Auto entry for transaction 475
213,Accounts Payable,16519.41,0.0,2025-02-25,Auto entry for transaction 213
414,Cash,12358.61,0.0,2023-08-09,Auto entry for transaction 414
90,Cash,13605.77,0.0,2022-11-22,Auto entry for transaction 90
70,Cash,4569.02,0.0,2023-12-31,Auto entry for transaction 70
354,Accounts Payable,15457.42,0.0,2023-01-21,Auto entry for transaction 354
360,Cash,3755.89,0.0,2024-08-10,Auto entry for transaction 360
89,Office Equipment,8488.32,0.0,2024-02-01,Auto entry for transaction 89
207,Cash,6759.21,0.0,2023-10-22,Auto entry for transaction 207
315,Software Expense,2641.4,0.0,2025-03-12,Auto entry for transaction 315
321,Cash,19972.79,0.0,2024-06-09,Auto entry for transaction 321
107,Accounts Payable,1428.2,0.0,2024-02-06,Auto entry for transaction 107
490,Cash,11233.48,0.0,2023-02-03,Auto entry for transaction 490
155,Cash,18989.79,0.0,2024-12-22,Auto entry for transaction 155
142,Cash,10569.71,0.0,2023-01-02,Auto entry for transaction 142
256,Office Equipment,12654.5,0.0,2023-02-18,Auto entry for transaction 256
192,Rent Expense,11864.31,0.0,2024-11-15,Auto entry for transaction 192
307,Travel Expense,14775.05,0.0,2024-02-25,Auto entry for transaction 307
85,Accounts Payable,1776.42,0.0,2025-06-09,Auto entry for transaction 85
522,Travel Expense,5121.4,0.0,2025-06-03,Auto entry for transaction 522
478,Accounts Payable,15367.95,0.0,2025-06-06,Auto entry for transaction 478
351,Software Expense,7481.26,0.0,2024-09-29,Auto entry for transaction 351
544,Rent Expense,6218.62,0.0,2024-12-25,Auto entry for transaction 544
69,Office Equipment,18299.87,0.0,2023-03-15,Auto entry for transaction 69
260,Office Equipment,11773.05,0.0,2024-03-21,Auto entry for transaction 260
27,Accounts Payable,6011.42,0.0,2023-07-27,Auto entry for transaction 27
549,Accounts Payable,4374.67,0.0,2025-02-21,Auto entry for transaction 549
362,Office Equipment,4068.82,0.0,2023-07-17,Auto entry for transaction 362
235,Rent Expense,8312.32,0.0,2023-07-26,Auto entry for transaction 235
426,Rent Expense,19597.08,0.0,2024-07-12,Auto entry for transaction 426
305,Software Expense,8041.89,0.0,2023-12-27,Auto entry for transaction 305
212,Office Equipment,10755.24,0.0,2025-01-21,Auto entry for transaction 212
98,Cash,4847.51,0.0,2023-11-14,Auto entry for transaction 98
211,Accounts Payable,4847.69,0.0,2024-10-30,Auto entry for transaction 211
234,Rent Expense,7962.5,0.0,2024-11-02,Auto entry for transaction 234
6,Software Expense,19460.74,0.0,2025-07-28,Auto entry for transaction 6
483,Software Expense,13249.13,0.0,2025-09-06,Auto entry for transaction 483
116,Office Equipment,15783.41,0.0,2025-01-09,Auto entry for transaction 116
50,Software Expense,4931.17,0.0,2023-08-09,Auto entry for transaction 50
350,Office Equipment,14956.65,0.0,2024-04-17,Auto entry for transaction 350
35,Software Expense,16308.64,0.0,2024-02-26,Auto entry for transaction 35
152,Rent Expense,14757.36,0.0,2025-11-15,Auto entry for transaction 152
24,Accounts Payable,16003.63,0.0,2023-10-08,Auto entry for transaction 24
301,Accounts Payable,9012.68,0.0,2024-10-03,Auto entry for transaction 301
507,Software Expense,4442.33,0.0,2023-09-21,Auto entry for transaction 507
317,Rent Expense,15077.71,0.0,2023-08-23,Auto entry for transaction 317
36,Cash,12881.35,0.0,2022-12-27,Auto entry for transaction 36
538,Cash,7394.18,0.0,2024-08-24,Auto entry for transaction 538
511,Office Equipment,8750.01,0.0,2023-09-06,Auto entry for transaction 511
41,Accounts Payable,5503.18,0.0,2024-10-07,Auto entry for transaction 41
37,Cash,13202.88,0.0,2025-03-11,Auto entry for transaction 37
84,Accounts Payable,11167.75,0.0,2024-12-13,Auto entry for transaction 84
63,Office Equipment,1501.87,0.0,2024-12-06,Auto entry for transaction 63
247,Accounts Payable,14213.47,0.0,2025-06-16,Auto entry for transaction 247
333,Office Equipment,10160.52,0.0,2025-02-07,Auto entry for transaction 333
204,Accounts Payable,11085.57,0.0,2023-04-08,Auto entry for transaction 204
268,Travel Expense,3214.75,0.0,2024-10-19,Auto entry for transaction 268
210,Office Equipment,18840.41,0.0,2024-12-31,Auto entry for transaction 210
164,Rent Expense,8187.03,0.0,2024-04-16,Auto entry for transaction 164
180,Accounts Payable,12757.26,0.0,2023-07-23,Auto entry for transaction 180
453,Office Equipment,6246.29,0.0,2023-01-19,Auto entry for transaction 453
136,Accounts Payable,8325.5,0.0,2023-08-01,Auto entry for transaction 136
214,Accounts Payable,15751.86,0.0,2023-08-16,Auto entry for transaction 214
368,Cash,4548.37,0.0,2025-05-23,Auto entry for transaction 368
49,Rent Expense,13732.03,0.0,2023-03-05,Auto entry for transaction 49
291,Office Equipment,19324.78,0.0,2025-02-21,Auto entry for transaction 291
502,Software Expense,567.37,0.0,2023-07-13,Auto entry for transaction 502
370,Cash,11269.82,0.0,2025-11-04,Auto entry for transaction 370
383,Office Equipment,903.32,0.0,2023-06-12,Auto entry for transaction 383
418,Travel Expense,14338.53,0.0,2024-12-04,Auto entry for transaction 418
179,Travel Expense,3086.13,0.0,2024-08-14,Auto entry for transaction 179
322,Office Equipment,8087.59,0.0,2025-10-03,Auto entry for transaction 322
224,Software Expense,856.39,0.0,2025-04-20,Auto entry for transaction 224
266,Travel Expense,19700.92,0.0,2025-09-13,Auto entry for transaction 266
470,Rent Expense,9359.57,0.0,2025-06-25,Auto entry for transaction 470
253,Cash,7737.57,0.0,2024-06-03,Auto entry for transaction 253
61,Software Expense,7873.62,0.0,2025-03-28,Auto entry for transaction 61
135,Office Equipment,8532.57,0.0,2024-03-18,Auto entry for transaction 135
238,Accounts Payable,10735.91,0.0,2025-09-24,Auto entry for transaction 238
520,Rent Expense,8015.34,0.0,2024-11-10,Auto entry for transaction 520
3,Software Expense,19522.7,0.0,2023-07-02,Auto entry for transaction 3
489,Accounts Payable,4350.0,0.0,2025-08-22,Auto entry for transaction 489
456,Travel Expense,11134.05,0.0,2024-12-20,Auto entry for transaction 456
127,Software Expense,3698.31,0.0,2024-05-23,Auto entry for transaction 127
274,Rent Expense,9948.25,0.0,2025-04-22,Auto entry for transaction 274
503,Travel Expense,16601.1,0.0,2023-11-02,Auto entry for transaction 503
206,Accounts Payable,1858.85,0.0,2023-04-26,Auto entry for transaction 206
343,Rent Expense,13774.85,0.0,2024-12-08,Auto entry for transaction 343
534,Accounts Payable,15015.56,0.0,2025-07-06,Auto entry for transaction 534
416,Rent Expense,12031.42,0.0,2023-06-01,Auto entry for transaction 416
47,Software Expense,3337.99,0.0,2025-07-20,Auto entry for transaction 47
329,Office Equipment,9197.64,0.0,2024-12-27,Auto entry for transaction 329
471,Rent Expense,7236.94,0.0,2025-11-10,Auto entry for transaction 471
297,Accounts Payable,16375.81,0.0,2025-01-30,Auto entry for transaction 297
334,Software Expense,13323.93,0.0,2023-02-06,Auto entry for transaction 334
20,Accounts Payable,19140.11,0.0,2025-07-11,Auto entry for transaction 20
363,Cash,16657.8,0.0,2025-07-18,Auto entry for transaction 363
295,Accounts Payable,14818.55,0.0,2025-04-14,Auto entry for transaction 295
242,Office Equipment,18819.33,0.0,2024-03-09,Auto entry for transaction 242
409,Accounts Payable,16069.65,0.0,2025-02-02,Auto entry for transaction 409
284,Travel Expense,6077.61,0.0,2023-11-09,Auto entry for transaction 284
430,Travel Expense,10194.09,0.0,2025-09-05,Auto entry for transaction 430
427,Cash,16342.39,0.0,2024-09-24,Auto entry for transaction 427
56,Travel Expense,11468.73,0.0,2023-01-01,Auto entry for transaction 56
532,Software Expense,15735.42,0.0,2024-02-21,Auto entry for transaction 532
400,Accounts Payable,4180.73,0.0,2024-01-09,Auto entry for transaction 400
325,Software Expense,1640.38,0.0,2025-04-01,Auto entry for transaction 325
58,Cash,14196.84,0.0,2024-10-04,Auto entry for transaction 58
189,Office Equipment,14860.42,0.0,2025-10-07,Auto entry for transaction 189
280,Accounts Payable,12716.24,0.0,2025-10-30,Auto entry for transaction 280
83,Accounts Payable,4209.0,0.0,2023-11-15,Auto entry for transaction 83
382,Travel Expense,7871.31,0.0,2024-05-27,Auto entry for transaction 382
232,Cash,8670.63,0.0,2024-05-19,Auto entry for transaction 232
496,Office Equipment,9963.0,0.0,2022-12-13,Auto entry for transaction 496
336,Software Expense,13418.48,0.0,2025-11-08,Auto entry for transaction 336
183,Software Expense,9118.32,0.0,2024-01-21,Auto entry for transaction 183
215,Software Expense,11868.41,0.0,2023-03-16,Auto entry for transaction 215
156,Office Equipment,128.61,0.0,2023-10-16,Auto entry for transaction 156
405,Office Equipment,7053.62,0.0,2023-05-10,Auto entry for transaction 405
95,Travel Expense,674.79,0.0,2025-01-13,Auto entry for transaction 95
342,Software Expense,10255.59,0.0,2024-04-22,Auto entry for transaction 342
395,Accounts Payable,16905.2,0.0,2024-01-27,Auto entry for transaction 395
186,Travel Expense,13804.06,0.0,2024-03-07,Auto entry for transaction 186
441,Rent Expense,5034.29,0.0,2023-08-18,Auto entry for transaction 441
509,Accounts Payable,6808.41,0.0,2023-12-11,Auto entry for transaction 509
423,Rent Expense,6244.03,0.0,2024-02-06,Auto entry for transaction 423
548,Rent Expense,12622.45,0.0,2024-11-26,Auto entry for transaction 548
