Conference Fee,2847.68,2,297
Office Supplies,1892.5,5,284
Taxi Fare,3828.99,5,837
Taxi Fare,294.2,4,860
Training Workshop,1847.04,1,758
Conference Fee,2821.36,1,795
Conference Fee,477.5,4,40
Training Workshop,646.64,1,713
Cloud Subscription,463.85,5,33
Conference Fee,4667.64,1,506
Taxi Fare,4784.17,5,779
Training Workshop,64.9,4,938
Cloud Subscription,4799.24,1,733
Office Supplies,4540.65,1,659
Taxi Fare,4843.74,5,501
Training Workshop,3121.43,1,122
Conference Fee,945.86,3,549
Cloud Subscription,1418.31,5,568
Training Workshop,4065.11,1,474
Taxi Fare,3333.93,4,670
Client Lunch,4412.18,3,463
Office Supplies,3631.15,4,874
Taxi Fare,1910.42,4,94
Office Supplies,4025.78,3,472
Office Supplies,3397.36,3,181
Office Supplies,2908.22,2,371
Training Workshop,1710.03,1,914
Client Lunch,2667.95,5,702
Taxi Fare,1639.67,4,88
Client Lunch,2276.93,2,932
Taxi Fare,2478.27,2,188
Office Supplies,4783.99,3,358
Training Workshop,173.05,4,127
Training Workshop,660.58,2,15
Conference Fee,1552.58,2,5
Cloud Subscription,3257.92,5,356
Training Workshop,4466.66,3,551
Conference Fee,531.14,4,147
Training Workshop,4123.75,1,422
Office Supplies,126.31,4,626
Training Workshop,4213.63,2,487
Cloud Subscription,2971.52,5,948
Client Lunch,4784.79,3,845
Conference Fee,2431.5,2,373
Taxi Fare,4881.49,4,500
Client Lunch,688.31,3,498
Client Lunch,809.78,1,852
Cloud Subscription,4624.81,2,712
Client Lunch,1117.68,1,368
Client Lunch,3748.83,2,193
Cloud Subscription,1410.4,3,400
Conference Fee,255.41,4,201
Taxi Fare,468.13,4,720
Office Supplies,1725.58,4,51
Taxi Fare,4764.75,1,752
Office Supplies,2131.94,3,427
Office Supplies,3513.8,5,913
Cloud Subscription,542.58,2,524
Office Supplies,2650.03,4,944
Conference Fee,3434.34,5,934
Training Workshop,4897.58,2,187
Client Lunch,2269.35,2,116
Cloud Subscription,903.61,1,101
Conference Fee,4894.86,2,325
Cloud Subscription,2107.83,3,800
Conference Fee,2094.78,4,255
Cloud Subscription,447.21,4,106
Taxi Fare,3791.71,4,383
Cloud Subscription,2704.22,5,420
Client Lunch,3088.38,2,436
Client Lunch,1486.23,4,468
Taxi Fare,420.34,5,669
Taxi Fare,2673.35,1,537
Client Lunch,1934.1,3,686
Cloud Subscription,1945.4,3,690
Cloud Subscription,1584.91,5,546
Client Lunch,1541.48,5,166
Office Supplies,2737.19,2,436
Taxi Fare,1787.32,4,728
Conference Fee,4901.84,2,138
Taxi Fare,4566.89,1,143
Cloud Subscription,3416.98,5,993
Training Workshop,3404.0,2,602
Taxi Fare,2468.35,2,613
Taxi Fare,4696.39,1,135
Office Supplies,1130.81,5,637
Client Lunch,3263.28,5,717
Conference Fee,1698.09,2,956
Taxi Fare,1768.47,5,183
Taxi Fare,1263.28,2,284
Taxi Fare,2089.37,2,973
Cloud Subscription,4142.48,1,215
Conference Fee,3914.79,5,468
Conference Fee,692.41,3,875
Conference Fee,2593.93,3,342
Conference Fee,3480.72,4,309
Training Workshop,127.89,2,464
Cloud Subscription,4894.36,1,116
Office Supplies,2829.98,2,739
Training Workshop,2688.22,4,31
Taxi Fare,4254.5,3,92
Taxi Fare,2372.57,4,722
Taxi Fare,2302.67,3,484
Taxi Fare,1293.24,4,616
Cloud Subscription,2908.04,3,232
Client Lunch,4790.5,4,907
Conference Fee,4844.35,5,613
Training Workshop,2588.44,1,685
Taxi Fare,290.47,5,52
Cloud Subscription,2803.53,4,540
Taxi Fare,4096.53,1,771
Client Lunch,3368.5,3,644
Training Workshop,682.64,4,208
Cloud Subscription,3394.18,5,546
Taxi Fare,2033.13,4,242
Office Supplies,1023.08,3,506
Conference Fee,520.19,3,845
Training Workshop,1095.27,4,35
Conference Fee,3282.88,1,556
Taxi Fare,2003.98,1,109
Training Workshop,1261.51,4,450
Client Lunch,455.87,4,558
Client Lunch,224.39,2,23
Taxi Fare,2179.5,4,624
Training Workshop,1173.67,1,579
Taxi Fare,3142.85,4,801
Office Supplies,3592.08,3,823
Training Workshop,1791.18,3,755
Conference Fee,4520.58,2,5
Cloud Subscription,3135.22,1,907
Training Workshop,957.38,4,470
Training Workshop,3777.63,2,638
Office Supplies,3118.26,1,24
Conference Fee,681.44,4,560
Client Lunch,4994.34,2,537
Cloud Subscription,3686.27,5,423
Cloud Subscription,3518.36,1,66
Cloud Subscription,470.32,3,928
Training Workshop,1275.4,3,461
Conference Fee,337.27,1,667
Office Supplies,2418.43,4,352
Taxi Fare,2727.24,4,151
Office Supplies,1891.39,3,243
Office Supplies,1725.72,4,500
Client Lunch,235.06,2,492
Office Supplies,3170.6,1,920
Taxi Fare,4248.26,4,252
Client Lunch,655.61,1,126
Client Lunch,4019.99,4,803
Conference Fee,874.27,2,279
Conference Fee,3399.34,1,941
Office Supplies,439.48,4,77
Conference Fee,4413.65,1,959
Conference Fee,513.99,4,96
Cloud Subscription,4663.44,2,246
Training Workshop,523.12,4,685
Taxi Fare,3845.05,1,190
Client Lunch,3314.28,3,763
Training Workshop,4249.55,3,246
Taxi Fare,2107.39,3,471
Conference Fee,4537.05,2,417
Training Workshop,1071.75,3,892
Client Lunch,4294.63,2,400
Training Workshop,3711.92,5,705
Office Supplies,232.91,3,771
Client Lunch,2196.4,2,957
Cloud Subscription,3947.09,2,423
Client Lunch,2303.27,3,961
Office Supplies,4715.99,5,990
Office Supplies,3412.25,1,378
Taxi Fare,4262.08,4,257
Office Supplies,3894.6,4,218
Taxi Fare,3411.73,5,865
Cloud Subscription,300.68,4,444
Taxi Fare,2507.72,2,525
Client Lunch,2776.43,2,919
Cloud Subscription,498.98,5,740
Cloud Subscription,835.41,1,655
Taxi Fare,2690.13,4,944
Taxi Fare,3891.89,5,811
Cloud Subscription,2476.28,1,802
Taxi Fare,422.52,1,791
Taxi Fare,1843.19,2,470
Client Lunch,1791.45,5,779
Training Workshop,461.87,5,510
Taxi Fare,2401.1,3,54
Taxi Fare,739.52,1,360
Conference Fee,731.74,3,39
Conference Fee,1923.37,2,557
Conference Fee,2120.55,5,905
Conference Fee,1668.81,5,420
Taxi Fare,4541.36,3,32
Conference Fee,2358.59,5,690
Training Workshop,2980.98,1,110
Training Workshop,814.25,3,890
Taxi Fare,3770.48,1,327
Cloud Subscription,4804.64,1,156
Taxi Fare,4454.62,5,445
Client Lunch,2152.48,2,481
Client Lunch,401.47,4,339
Cloud Subscription,3554.62,2,331
Taxi Fare,1795.7,4,599
Office Supplies,3332.77,4,594
Office Supplies,3134.95,2,736
Taxi Fare,289.59,4,248
Cloud Subscription,1792.89,5,958
Conference Fee,2026.77,5,761
Training Workshop,4017.45,5,958
Cloud Subscription,3480.15,4,611
Cloud Subscription,2567.11,5,799
Client Lunch,281.21,4,247
Client Lunch,98.07,2,615
Cloud Subscription,4144.27,5,433
Conference Fee,2536.26,3,185
Office Supplies,3951.8,4,776
Taxi Fare,423.83,4,505
Client Lunch,1166.36,2,184
Office Supplies,4220.38,2,28
Training Workshop,4464.93,5,859
Cloud Subscription,1637.03,1,745
Client Lunch,4265.7,2,848
Training Workshop,1332.81,1,511
Cloud Subscription,2433.66,4,311
Office Supplies,4102.5,5,622
Office Supplies,1637.42,4,637
Conference Fee,222.28,3,567
Taxi Fare,1341.11,3,597
Office Supplies,2118.94,2,512
Office Supplies,2033.08,4,881
Training Workshop,3041.5,5,3
Taxi Fare,605.38,2,354
Taxi Fare,1955.29,4,935
Office Supplies,1314.5,2,76
Client Lunch,2783.94,2,116
Office Supplies,3289.12,4,291
Office Supplies,4591.37,1,795
Cloud Subscription,1698.25,3,424
Cloud Subscription,1309.65,4,938
Training Workshop,3613.58,2,136
Taxi Fare,97.86,2,60
Client Lunch,4598.73,2,410
Client Lunch,1866.82,2,772
Client Lunch,3279.73,3,399
Taxi Fare,2224.73,2,934
Office Supplies,3613.8,4,470
Conference Fee,4526.73,2,37
Conference Fee,1884.06,3,399
Taxi Fare,2573.35,5,146
Taxi Fare,2561.23,2,8
Cloud Subscription,4217.78,2,180
Conference Fee,517.45,5,713
Taxi Fare,758.49,1,289
Taxi Fare,2588.01,5,233
Training Workshop,4504.75,2,870
Conference Fee,4826.47,1,936
Cloud Subscription,2267.55,4,687
Training Workshop,56.63,3,377
Cloud Subscription,3156.85,4,14
Office Supplies,2122.98,5,722
Taxi Fare,3184.96,5,939
Training Workshop,1774.94,4,537
Training Workshop,3484.66,3,589
Conference Fee,3441.29,2,512
Training Workshop,4853.79,5,301
Cloud Subscription,2114.82,5,648
Taxi Fare,283.0,1,83
Client Lunch,1837.49,3,324
Taxi Fare,3762.54,5,338
Client Lunch,4099.23,2,784
Taxi Fare,3553.54,3,232
Taxi Fare,484.28,1,22
Training Workshop,4289.75,4,799
Client Lunch,1937.83,2,301
Conference Fee,90.98,4,771
Training Workshop,1412.19,5,566
Client Lunch,4419.54,2,64
Client Lunch,975.62,5,463
Training Workshop,2313.87,1,238
Cloud Subscription,3474.04,1,542
Office Supplies,2427.19,3,98
Office Supplies,1628.37,2,105
Conference Fee,3516.62,2,341
Taxi Fare,3216.13,3,621
Conference Fee,2515.64,2,125
Taxi Fare,1467.83,2,486
Office Supplies,2313.96,2,503
Conference Fee,1996.4,4,640
Client Lunch,3700.18,4,845
Conference Fee,2140.13,3,388
Taxi Fare,1186.73,1,279
Cloud Subscription,238.87,4,623
Office Supplies,4730.45,2,642
Taxi Fare,3824.46,5,418
Taxi Fare,2575.44,4,314
Taxi Fare,181.55,1,585
Client Lunch,4553.39,4,500
Training Workshop,1950.77,2,840
Cloud Subscription,4521.73,1,392
Training Workshop,1930.74,5,302
Cloud Subscription,2632.5,1,746
Conference Fee,3798.06,5,246
Cloud Subscription,2232.15,2,886
Cloud Subscription,381.14,1,58
Cloud Subscription,3320.72,3,189
Training Workshop,2705.35,3,8
Office Supplies,4194.24,5,996
Office Supplies,3682.86,3,580
Training Workshop,4965.43,1,480
Training Workshop,4125.88,4,176
Cloud Subscription,309.82,3,353
Taxi Fare,343.11,2,271
Training Workshop,1773.52,4,694
Client Lunch,4606.63,4,149
Office Supplies,150.2,5,981
Training Workshop,2347.94,5,46
Conference Fee,3773.57,5,523
Cloud Subscription,1451.68,2,322
Taxi Fare,1459.49,3,511
Cloud Subscription,4207.23,1,256
Cloud Subscription,469.15,2,942
Office Supplies,2845.09,2,249
Cloud Subscription,2194.89,1,111
Conference Fee,523.96,5,963
Office Supplies,4674.21,4,466
Client Lunch,4175.88,1,511
Taxi Fare,3968.51,1,880
Training Workshop,272.14,5,406
Cloud Subscription,3088.05,4,617
Training Workshop,2548.24,4,101
Client Lunch,819.16,1,813
Training Workshop,1028.4,2,77
Conference Fee,3420.34,1,408
Conference Fee,1057.69,2,157
Client Lunch,147.05,1,399
Conference Fee,1456.76,5,21
Cloud Subscription,2079.86,2,900
Training Workshop,4527.64,2,199
Conference Fee,569.61,5,287
Taxi Fare,440.09,4,320
Cloud Subscription,948.34,4,59
Client Lunch,2577.29,1,281
Client Lunch,2592.01,4,487
Training Workshop,2301.58,4,589
Taxi Fare,1657.6,3,936
Conference Fee,1040.77,5,923
Training Workshop,4087.14,3,121
Cloud Subscription,2719.78,4,981
Office Supplies,3359.65,2,219
Training Workshop,2523.15,3,715
Client Lunch,3707.0,4,627
