Expense Payment,3313.86,264,838
Liability Settlement,22249.79,333,233
Asset Purchase,43484.45,80,782
Asset Purchase,26895.83,15,53
Liability Settlement,32362.34,291,527
Expense Payment,3410.18,65,371
Asset Purchase,27213.92,25,242
Expense Payment,2028.08,80,121
Liability Settlement,73070.21,246,556
Liability Settlement,81361.53,198,902
Expense Payment,3241.75,203,150
Asset Purchase,17223.17,22,589
Expense Payment,2656.91,231,794
Expense Payment,1443.27,331,446
Liability Settlement,40015.73,247,289
Liability Settlement,42961.62,88,357
Liability Settlement,95795.16,317,400
Liability Settlement,66012.29,308,222
Expense Payment,302.03,265,850
Asset Purchase,47775.87,54,430
Expense Payment,1348.85,335,322
Asset Purchase,29950.74,108,51
Liability Settlement,90471.87,80,645
Asset Purchase,18990.77,57,882
Liability Settlement,23683.04,344,484
Expense Payment,2280.56,60,514
Liability Settlement,92493.35,174,259
Liability Settlement,3259.17,288,964
Expense Payment,3573.21,185,118
Expense Payment,2369.68,4,533
Expense Payment,3270.73,120,305
Asset Purchase,24404.03,90,591
Expense Payment,4014.55,120,843
Expense Payment,3673.72,55,608
Expense Payment,1162.56,103,237
Liability Settlement,58086.07,76,303
Expense Payment,1107.98,307,51
Liability Settlement,71693.28,313,855
Liability Settlement,93379.07,166,327
Asset Purchase,5018.48,56,465
Liability Settlement,69128.38,263,484
Liability Settlement,81795.79,254,15
Liability Settlement,95001.6,295,503
Expense Payment,3379.45,252,501
Asset Purchase,25868.59,20,967
Asset Purchase,22844.07,93,161
Liability Settlement,55652.24,194,727
Expense Payment,3154.78,335,972
Expense Payment,4593.07,235,730
Liability Settlement,56370.55,270,854
Expense Payment,2915.56,25,262
Liability Settlement,33181.52,181,981
Expense Payment,3721.2,160,872
Expense Payment,2495.53,181,2
Liability Settlement,72051.59,286,330
Expense Payment,2341.5,87,577
Liability Settlement,27663.21,79,588
Liability Settlement,46521.41,125,790
Asset Purchase,23999.45,50,87
Expense Payment,1543.69,100,221
Expense Payment,1226.9,197,192
Liability Settlement,45201.87,212,508
Expense Payment,3527.08,334,201
Liability Settlement,37641.89,312,472
Liability Settlement,15019.0,98,5
Liability Settlement,82427.66,131,919
Asset Purchase,18766.61,113,289
Liability Settlement,36320.15,76,324
Liability Settlement,56637.85,324,613
Expense Payment,1273.74,148,284
Asset Purchase,41242.29,34,649
Liability Settlement,27935.73,18,684
Asset Purchase,42831.07,112,273
Asset Purchase,48387.67,72,526
Expense Payment,4698.95,91,489
Expense Payment,913.51,283,903
Liability Settlement,9246.93,289,295
Asset Purchase,9073.84,10,105
Asset Purchase,5238.52,33,933
Liability Settlement,65802.17,132,866
Liability Settlement,24798.99,219,778
Asset Purchase,38723.28,101,688
Asset Purchase,27317.45,55,8
Liability Settlement,53654.23,267,877
Asset Purchase,3183.43,138,730
Expense Payment,2441.33,119,622
Asset Purchase,19556.83,123,337
Asset Purchase,36164.38,100,398
Liability Settlement,54150.0,344,459
Expense Payment,531.51,92,918
Expense Payment,850.94,104,283
Expense Payment,1711.72,333,650
Liability Settlement,94164.66,227,343
Asset Purchase,48748.89,122,885
Liability Settlement,18837.57,109,257
Liability Settlement,66692.75,283,225
Liability Settlement,85940.84,249,934
Liability Settlement,31398.66,182,928
Asset Purchase,2478.0,95,330
Expense Payment,3852.42,155,365
Asset Purchase,14740.99,12,901
Liability Settlement,81023.19,223,304
Asset Purchase,18633.5,75,222
Expense Payment,3542.76,284,58
Expense Payment,2154.33,258,273
Liability Settlement,22801.09,206,212
Asset Purchase,49193.42,109,598
Liability Settlement,56258.95,232,791
Asset Purchase,44690.47,95,138
Expense Payment,2711.04,337,762
Expense Payment,1761.07,95,963
Liability Settlement,74375.32,128,312
Liability Settlement,11080.95,248,464
Liability Settlement,10139.19,307,590
Asset Purchase,45247.88,10,562
Expense Payment,3189.43,273,20
Liability Settlement,61932.86,252,267
Liability Settlement,7050.38,54,26
Expense Payment,51.87,52,641
Expense Payment,3017.87,350,207
Liability Settlement,89431.39,2,478
Liability Settlement,41548.6,283,834
Expense Payment,4902.57,182,179
Liability Settlement,8463.15,115,254
Asset Purchase,21884.49,7,752
Liability Settlement,83496.49,87,774
Expense Payment,2478.38,301,136
Asset Purchase,36023.51,46,536
Liability Settlement,57815.98,125,961
Liability Settlement,76215.27,44,261
Expense Payment,3760.13,32,835
Asset Purchase,27399.66,27,233
Liability Settlement,5287.7,308,685
Liability Settlement,22614.01,121,997
Asset Purchase,16379.99,5,249
Expense Payment,1950.11,260,437
Asset Purchase,39234.03,25,515
Liability Settlement,58179.89,299,505
Expense Payment,212.5,239,314
Expense Payment,2166.51,265,436
Expense Payment,3769.84,164,362
Expense Payment,2089.73,40,30
Liability Settlement,23055.01,147,201
Asset Purchase,1864.95,59,860
Liability Settlement,28117.45,268,970
Asset Purchase,11519.08,47,504
Asset Purchase,14459.31,89,398
Asset Purchase,1902.92,43,710
Liability Settlement,15014.4,185,859
Expense Payment,4634.51,229,488
Liability Settlement,38668.77,190,412
Expense Payment,4933.88,177,900
Asset Purchase,41611.11,28,317
Liability Settlement,52539.79,246,612
Expense Payment,2740.16,103,373
Expense Payment,2946.97,285,77
Asset Purchase,14208.84,64,32
Asset Purchase,24413.73,98,149
Liability Settlement,62303.93,26,118
Expense Payment,4437.62,121,830
Liability Settlement,26134.81,135,474
Asset Purchase,17799.44,113,40
Asset Purchase,33115.19,131,594
Liability Settlement,34776.49,164,94
Liability Settlement,78513.45,154,116
Liability Settlement,23118.38,268,381
Asset Purchase,27568.07,24,832
Expense Payment,4328.63,28,707
Asset Purchase,3578.21,26,199
Asset Purchase,4872.34,112,766
Expense Payment,2591.96,145,853
Expense Payment,2482.29,270,139
Liability Settlement,13092.67,76,571
Asset Purchase,12056.56,18,342
Asset Purchase,4417.98,114,876
Expense Payment,1100.85,323,800
Liability Settlement,60706.57,331,917
Liability Settlement,45178.76,206,352
Asset Purchase,49314.78,118,100
Asset Purchase,7446.63,16,392
Expense Payment,533.67,50,312
Liability Settlement,19256.23,140,877
Expense Payment,2346.06,269,23
Expense Payment,2306.26,318,594
Liability Settlement,70938.68,174,694
Liability Settlement,42344.36,225,544
Expense Payment,487.74,193,499
Liability Settlement,29492.74,257,906
Expense Payment,1341.96,338,462
Expense Payment,4253.28,329,925
Expense Payment,4258.56,244,685
Expense Payment,3571.08,44,419
Liability Settlement,46031.27,117,177
Liability Settlement,13451.13,89,289
Expense Payment,942.22,289,525
Asset Purchase,9790.06,45,741
Asset Purchase,14451.64,25,399
Expense Payment,3990.15,73,163
Expense Payment,2172.28,84,406
Liability Settlement,69423.4,36,455
Asset Purchase,8462.67,91,203
Liability Settlement,75939.57,272,388
Liability Settlement,28846.49,106,397
Expense Payment,139.73,173,843
Expense Payment,3244.01,321,533
Expense Payment,3990.93,2,648
Expense Payment,2187.91,150,812
Asset Purchase,3301.1,80,782
Asset Purchase,8108.24,90,398
Expense Payment,2640.79,337,961
Expense Payment,3259.69,68,232
Liability Settlement,42841.28,58,46
Expense Payment,3835.17,253,19
Liability Settlement,21728.96,157,741
Expense Payment,3874.83,70,938
Liability Settlement,1686.98,174,110
Liability Settlement,54047.75,210,89
Asset Purchase,5019.07,126,74
Liability Settlement,31398.08,60,88
Asset Purchase,19830.58,87,824
Asset Purchase,39729.84,15,249
Expense Payment,441.96,211,554
Liability Settlement,67295.95,238,639
Liability Settlement,12269.2,154,773
Expense Payment,911.37,137,780
Liability Settlement,85635.86,66,329
Asset Purchase,35802.56,5,393
Liability Settlement,98585.3,295,94
Liability Settlement,91842.65,286,632
Asset Purchase,16758.78,98,181
Expense Payment,745.6,261,172
Expense Payment,4476.95,213,644
Asset Purchase,14005.37,64,683
Liability Settlement,81785.94,331,517
Liability Settlement,75276.84,347,62
Asset Purchase,29026.3,102,860
Asset Purchase,18902.28,146,67
Expense Payment,1693.5,237,588
Asset Purchase,26444.44,87,152
Liability Settlement,17511.9,327,234
Asset Purchase,33912.74,110,282
Asset Purchase,4748.65,8,415
Asset Purchase,12639.44,76,690
Asset Purchase,31448.81,91,996
Asset Purchase,29086.65,98,665
Asset Purchase,29525.29,129,47
Liability Settlement,51226.46,347,932
Expense Payment,1242.73,292,179
Liability Settlement,37341.62,57,674
Liability Settlement,65831.6,288,271
Liability Settlement,65293.18,84,577
Asset Purchase,45154.91,129,612
Asset Purchase,32261.78,75,603
Expense Payment,3480.91,198,716
Liability Settlement,68231.42,171,697
Liability Settlement,62041.79,284,133
Expense Payment,3903.97,254,14
Expense Payment,1039.36,247,241
Liability Settlement,72310.27,259,999
Liability Settlement,73012.63,86,322
Liability Settlement,5855.2,307,129
Asset Purchase,49338.16,132,799
Asset Purchase,19829.88,126,765
Liability Settlement,90522.36,175,927
Expense Payment,4012.44,105,832
Expense Payment,1348.43,94,764
Liability Settlement,37189.9,114,406
Expense Payment,4282.65,112,765
Expense Payment,3107.64,252,623
Liability Settlement,85214.58,179,69
Liability Settlement,27249.86,17,363
Asset Purchase,48420.75,18,963
Expense Payment,1230.23,101,594
Liability Settlement,56962.83,30,985
Liability Settlement,14132.31,268,958
Asset Purchase,17144.15,84,274
Liability Settlement,69640.99,158,459
Expense Payment,2955.46,90,424
Asset Purchase,7788.55,136,82
Expense Payment,1269.63,200,806
Asset Purchase,18975.06,26,755
Expense Payment,54.45,155,5
Asset Purchase,11878.11,148,526
Liability Settlement,76161.1,109,879
Asset Purchase,44786.75,87,971
Asset Purchase,889.12,116,135
Liability Settlement,70162.24,258,680
Asset Purchase,8457.91,63,625
Expense Payment,2822.22,281,947
Expense Payment,669.82,29,576
Liability Settlement,35837.34,28,971
Liability Settlement,84215.29,119,340
Liability Settlement,92796.71,19,147
Asset Purchase,23217.37,90,156
Liability Settlement,15675.63,173,920
Liability Settlement,13167.13,201,186
Expense Payment,765.82,263,348
Asset Purchase,29788.02,9,425
Asset Purchase,32356.72,17,239
Expense Payment,254.98,340,603
Asset Purchase,16572.68,23,363
Liability Settlement,22917.52,136,474
Expense Payment,33.99,209,44
Expense Payment,4881.1,74,471
Liability Settlement,72258.14,86,841
Expense Payment,1404.0,258,939
Liability Settlement,35895.01,146,568
Liability Settlement,48702.62,42,812
Liability Settlement,18727.06,350,805
Liability Settlement,61808.85,184,603
Expense Payment,2314.07,319,469
Liability Settlement,42335.46,260,707
Asset Purchase,13200.84,136,259
Liability Settlement,46227.94,280,50
Expense Payment,3017.93,291,981
Liability Settlement,24280.01,238,561
Expense Payment,2822.51,164,881
Liability Settlement,45372.79,34,554
Asset Purchase,37042.86,40,399
Expense Payment,4707.37,264,572
Liability Settlement,74762.96,268,423
Liability Settlement,44691.32,308,663
Expense Payment,1949.26,65,100
Asset Purchase,15102.32,147,443
Expense Payment,3873.06,110,949
Liability Settlement,2159.48,121,557
Asset Purchase,18916.25,132,482
Liability Settlement,44345.8,266,80
Asset Purchase,8814.51,130,487
Liability Settlement,44590.22,297,424
Expense Payment,3114.45,219,592
Expense Payment,1027.31,263,168
Liability Settlement,65835.98,211,537
Expense Payment,2371.68,334,22
Liability Settlement,72911.65,244,667
Liability Settlement,73336.87,265,900
Asset Purchase,6657.1,134,577
Asset Purchase,7481.77,59,556
Liability Settlement,30535.23,106,973
Liability Settlement,83539.18,278,931
Liability Settlement,76798.75,159,395
Asset Purchase,31953.29,21,824
Liability Settlement,42301.3,118,29
Asset Purchase,6194.34,3,496
Asset Purchase,36076.75,52,280
Asset Purchase,5263.29,86,816
Liability Settlement,52694.88,272,48
Asset Purchase,35027.19,20,429
Liability Settlement,62615.41,85,303
Liability Settlement,91476.02,58,362
Liability Settlement,41788.62,194,165
Asset Purchase,9103.01,5,20
Expense Payment,2213.0,74,876
Asset Purchase,21623.63,89,565
Liability Settlement,35067.51,337,17
Asset Purchase,10887.04,121,674
Liability Settlement,32565.47,207,947
Asset Purchase,40032.51,48,868
Liability Settlement,12157.06,248,578
Liability Settlement,53901.42,114,617
Asset Purchase,31440.36,68,394
Asset Purchase,705.86,30,950
Expense Payment,2209.5,94,579
Expense Payment,3274.26,156,208
Liability Settlement,6864.81,43,332
Liability Settlement,64292.7,324,521
Asset Purchase,16543.81,29,331
Expense Payment,2658.04,180,740
Liability Settlement,66642.27,143,943
Asset Purchase,45990.71,55,600
Asset Purchase,29903.99,112,347
Expense Payment,4655.46,65,742
Expense Payment,4750.93,123,352
Expense Payment,4228.1,305,674
Asset Purchase,23609.59,63,928
Liability Settlement,1332.57,346,180
Expense Payment,4043.63,317,770
Expense Payment,4969.77,220,203
Liability Settlement,30937.05,211,711
Asset Purchase,15978.36,56,117
Expense Payment,576.96,192,360
Expense Payment,2378.27,53,159
Liability Settlement,42504.41,309,310
Expense Payment,965.4,125,715
Liability Settlement,89561.21,286,97
Liability Settlement,20273.38,117,828
Liability Settlement,7233.45,278,721
Liability Settlement,2375.78,246,349
Asset Purchase,15632.25,6,222
Liability Settlement,36401.54,43,52
Liability Settlement,76047.95,153,93
Expense Payment,1835.59,152,736
Asset Purchase,4251.05,104,588
Asset Purchase,34423.2,18,241
Liability Settlement,98656.41,105,990
Liability Settlement,82340.24,270,23
Liability Settlement,42289.83,31,703
Expense Payment,2230.49,330,888
Expense Payment,4534.88,155,236
Asset Purchase,27145.69,86,458
Expense Payment,719.27,293,595
Expense Payment,4387.69,196,857
Expense Payment,3705.54,4,49
Liability Settlement,78393.73,322,445
Asset Purchase,34337.92,16,177
Asset Purchase,37357.4,132,78
Liability Settlement,66526.08,234,879
Liability Settlement,77913.38,268,285
Expense Payment,831.11,121,108
Expense Payment,3597.74,246,608
Asset Purchase,6634.3,123,926
Expense Payment,3280.77,42,282
Liability Settlement,29363.03,48,466
Liability Settlement,22699.21,112,986
Asset Purchase,2003.18,91,668
Asset Purchase,26799.61,13,819
Liability Settlement,73370.77,301,140
Liability Settlement,95186.49,305,4
Expense Payment,3192.37,199,513
Asset Purchase,5943.57,149,604
Asset Purchase,10975.58,114,581
Asset Purchase,9787.35,127,448
Expense Payment,2091.41,191,334
Asset Purchase,7502.11,93,89
Liability Settlement,73828.27,261,251
Asset Purchase,5397.91,53,862
Expense Payment,2036.44,88,887
Asset Purchase,48860.83,36,100
Expense Payment,1159.07,315,696
Expense Payment,1909.59,55,628
Expense Payment,2433.0,15,16
Expense Payment,1573.25,130,563
Asset Purchase,24118.91,57,768
Expense Payment,1610.77,345,141
Asset Purchase,31205.79,29,306
Liability Settlement,15469.59,65,944
Asset Purchase,25967.41,92,826
Liability Settlement,64331.54,230,855
Asset Purchase,28202.67,68,403
Asset Purchase,42969.85,53,145
Liability Settlement,74541.61,126,788
Liability Settlement,21401.53,300,834
Asset Purchase,26191.97,135,13
Asset Purchase,38364.63,4,748
Liability Settlement,6420.33,333,715
Expense Payment,2305.7,64,411
Expense Payment,3650.88,20,76
Expense Payment,4295.0,172,478
Liability Settlement,59105.93,196,66
Asset Purchase,46340.06,64,41
Asset Purchase,48298.46,49,159
Expense Payment,3759.64,278,983
Asset Purchase,10198.44,140,741
Expense Payment,3478.86,72,110
Asset Purchase,14997.7,112,1000
Asset Purchase,11750.81,98,248
Expense Payment,4633.37,106,75
Liability Settlement,99295.76,10,366
Expense Payment,666.93,277,312
Expense Payment,618.95,84,972
Asset Purchase,43178.69,86,747
Expense Payment,4763.57,326,176
Asset Purchase,23895.3,49,51
Asset Purchase,46223.3,26,428
Asset Purchase,48589.84,87,125
Expense Payment,1783.2,48,4
Expense Payment,2804.58,199,259
Asset Purchase,15378.98,110,841
Expense Payment,3387.98,140,116
Liability Settlement,55429.03,163,514
Expense Payment,3401.52,133,259
Liability Settlement,55197.52,313,514
Expense Payment,1125.03,5,113
Liability Settlement,8257.05,313,59
Liability Settlement,80348.77,233,351
Liability Settlement,67063.64,285,55
Asset Purchase,32950.18,119,996
Expense Payment,1305.09,160,780
Asset Purchase,13030.0,147,759
Expense Payment,1163.67,144,497
Liability Settlement,93601.32,242,772
Liability Settlement,25419.42,303,384
Expense Payment,1807.7,76,994
Asset Purchase,22298.86,103,716
Liability Settlement,83952.14,73,56
Expense Payment,51.57,125,14
Liability Settlement,37399.24,17,558
Expense Payment,4744.8,244,896
Expense Payment,501.61,182,682
Asset Purchase,36776.79,121,662
Expense Payment,885.48,79,921
Liability Settlement,6141.03,235,759
Liability Settlement,40618.46,229,35
Asset Purchase,32379.45,115,624
Asset Purchase,9552.13,107,244
Expense Payment,2720.09,102,983
Expense Payment,4437.63,83,839
Expense Payment,2248.83,143,572
Asset Purchase,17251.0,137,253
Liability Settlement,49224.15,53,532
Expense Payment,2201.55,210,822
Asset Purchase,27843.09,64,740
Liability Settlement,14457.9,69,764
Liability Settlement,54727.14,60,305
Asset Purchase,26824.89,126,846
Liability Settlement,29629.27,327,909
Liability Settlement,77930.93,21,765
Expense Payment,1530.74,342,716
Expense Payment,2793.44,336,638
Asset Purchase,3496.87,134,875
Expense Payment,3737.59,101,677
Liability Settlement,93339.53,197,373
Asset Purchase,43534.67,22,654
Asset Purchase,18209.79,52,573
Liability Settlement,86436.16,342,99
Asset Purchase,34105.11,23,868
Expense Payment,4896.52,21,599
Asset Purchase,47939.48,105,288
Liability Settlement,31118.09,292,308
Liability Settlement,92821.2,203,926
Asset Purchase,31470.38,132,110
Expense Payment,3264.72,209,557
Expense Payment,2924.71,83,108
Expense Payment,4399.89,14,622
Expense Payment,2717.05,115,442
Liability Settlement,24332.72,261,1
Liability Settlement,91334.68,342,989
Asset Purchase,9444.79,128,835
Liability Settlement,76683.03,193,889
Liability Settlement,56419.64,163,755
Asset Purchase,40719.48,83,984
Liability Settlement,71916.08,168,276
Expense Payment,1412.53,186,534
Asset Purchase,6158.61,101,876
Asset Purchase,32972.29,76,587
Asset Purchase,27034.37,46,105
Asset Purchase,18066.13,117,258
Asset Purchase,19866.56,103,624
Asset Purchase,29163.67,36,681
Liability Settlement,8514.98,29,524
Liability Settlement,66372.68,72,285
Asset Purchase,22903.87,2,202
Liability Settlement,66220.53,174,866
Expense Payment,2033.34,21,762
Asset Purchase,15811.98,148,100
Liability Settlement,44128.72,203,60
Liability Settlement,14139.51,162,544
Liability Settlement,65347.37,51,196
Liability Settlement,59724.82,246,670
Liability Settlement,91629.79,242,952
