Gabrielle,Vazquez,jenniferreid@example.org,5,Manager
Vincent,Martinez,pettybriana@example.org,3,Manager
Eric,Dawson,forddennis@example.com,4,Auditor
Fernando,Norris,ginawarren@example.org,3,Tax Specialist
Christine,Wallace,james78@example.com,2,Auditor
Tina,Thomas,cbrown@example.net,1,HR Coordinator
Ashley,Le,rodriguezbenjamin@example.net,5,Auditor
Vanessa,Brown,danielle13@example.org,1,Manager
Victoria,Brooks,emily79@example.com,5,Senior Accountant
Adam,Mcclure,cgarcia@example.net,3,Staff Accountant
Stephen,Harper,jpowell@example.org,1,Intern
Sean,Johnson,teresa49@example.net,2,Manager
Robin,Snyder,dsmith@example.org,2,Staff Accountant
Debra,Clark,michaelsheppard@example.org,3,Intern
Erin,Parker,vyoung@example.net,5,Tax Specialist
Brandon,Brown,corey79@example.org,4,Financial Analyst
Ricky,Rogers,carrpamela@example.org,3,Senior Accountant
Brian,Weiss,scott61@example.net,4,Auditor
Katie,Gonzalez,lozanowilliam@example.com,1,Senior Accountant
Lynn,Cook,aguirremichael@example.com,1,Financial Analyst
Teresa,Johnson,wrighttrevor@example.net,5,Senior Accountant
Jerry,Jordan,ajones@example.org,1,Auditor
Megan,Tyler,foxtony@example.net,3,Intern
Timothy,Lee,shelia12@example.org,1,Staff Accountant
Logan,Torres,jennifer49@example.org,1,Financial Analyst
Stacey,Wallace,jonestheresa@example.org,2,Financial Analyst
Diana,Payne,wardkathleen@example.org,5,Tax Specialist
Ian,Beltran,kevin20@example.net,2,HR Coordinator
Sydney,Miller,alyssa56@example.org,3,Tax Specialist
Paul,Hall,johndavidson@example.org,4,Intern
Alexis,Lynch,timothyherrera@example.org,4,Staff Accountant
Pam,Fowler,ricesteven@example.org,4,Manager
Teresa,Brown,moorenathan@example.com,1,Tax Specialist
Joshua,Wilson,sgonzales@example.com,3,Senior Accountant
Cynthia,Mills,john48@example.com,1,HR Coordinator
Thomas,Rogers,garrettrios@example.org,4,Manager
Destiny,Gray,alice17@example.net,2,Senior Accountant
Janet,Henderson,mcdanielbenjamin@example.net,5,Financial Analyst
Andrew,Little,vprince@example.com,5,Intern
Gary,King,jenniferorozco@example.com,4,Tax Specialist
Jerry,Blankenship,jennifermcdonald@example.net,2,Auditor
Troy,Crawford,ericksonryan@example.org,5,Financial Analyst
Beth,Deleon,aross@example.net,1,Manager
Brian,Parker,briannamcdaniel@example.org,1,Auditor
Joshua,Maldonado,moralesdarren@example.net,3,Intern
Jessica,Shields,henrylawrence@example.net,5,Financial Analyst
Nicole,Phillips,makayla65@example.net,5,Senior Accountant
Amanda,Garcia,ellenwells@example.net,5,Staff Accountant
Angela,Howard,cthomas@example.org,4,Auditor
Louis,Rowe,timothybowman@example.net,4,Intern
Jennifer,Spencer,andrearodriguez@example.net,1,Intern
David,Johnson,cookmary@example.net,1,Staff Accountant
Sue,Evans,joel26@example.net,5,Tax Specialist
Caroline,Craig,wwyatt@example.org,4,HR Coordinator
Jerry,Gray,clarence34@example.com,1,Intern
Shaun,Mccoy,imeyer@example.org,1,Senior Accountant
Nicholas,Perez,tami13@example.com,1,Staff Accountant
Jennifer,Smith,xmaynard@example.com,3,Manager
Christopher,Durham,monica91@example.org,3,HR Coordinator
Allison,Trujillo,piercejeffrey@example.org,4,Staff Accountant
Rebecca,Perry,frostandrea@example.com,5,HR Coordinator
Michele,Houston,dylan38@example.org,1,HR Coordinator
Hunter,Weber,robert99@example.net,3,Staff Accountant
Brianna,Pierce,grahamjoseph@example.com,5,Financial Analyst
Heather,Montoya,shannonwise@example.net,3,Intern
Andrew,Mcdonald,haley96@example.com,4,Tax Specialist
Courtney,Walker,kennedymarcus@example.org,3,Financial Analyst
Lisa,Jones,devin10@example.net,3,Tax Specialist
Tanya,Simpson,codyrowe@example.net,1,Auditor
Michael,Rowland,jessicadavis@example.net,1,Senior Accountant
Katie,Williams,russelljordan@example.net,3,Intern
David,Adams,allisonmarie@example.net,1,Intern
Sara,Jackson,ffoster@example.com,3,Manager
Dalton,Marshall,morajason@example.net,3,Auditor
Judy,Ryan,thomasrebecca@example.com,2,Tax Specialist
Amanda,Cox,williamkane@example.com,1,Financial Analyst
Christopher,Nunez,johnmoran@example.net,4,HR Coordinator
Maureen,Oliver,christopher55@example.org,3,Senior Accountant
Tammy,Gentry,brenda06@example.net,4,Tax Specialist
Anthony,Smith,mary61@example.com,5,Manager
David,Sutton,wilsontammy@example.net,5,Auditor
Taylor,Arnold,ryancarey@example.org,3,Staff Accountant
Mario,Peck,garciacarrie@example.net,2,Staff Accountant
James,Johnston,tanya29@example.org,4,Financial Analyst
Jerry,Hernandez,chadstewart@example.net,3,Senior Accountant
Rachel,Martinez,meyerlydia@example.com,3,Intern
Derrick,Barron,williamsvictoria@example.org,5,Intern
Virginia,Moore,michael73@example.com,3,Tax Specialist
Eric,Joyce,annbrown@example.com,1,Staff Accountant
Lisa,Pena,claytonpamela@example.com,2,Auditor
Brandon,Ramirez,tyler34@example.org,4,HR Coordinator
James,Holmes,julie58@example.org,1,HR Coordinator
Brian,Young,sharon94@example.org,3,Senior Accountant
Cindy,Freeman,salazarkevin@example.com,3,Staff Accountant
Benjamin,White,obecker@example.org,5,Manager
Emily,White,kharrell@example.org,5,HR Coordinator
Amanda,Ferguson,rpowell@example.net,2,Financial Analyst
Amy,Williams,llewis@example.com,3,Staff Accountant
Kenneth,Schroeder,xwolfe@example.net,5,Staff Accountant
Colleen,Willis,burnsjames@example.net,2,Intern
Louis,Petersen,michaellivingston@example.com,3,Manager
Ryan,Weber,xcarlson@example.net,2,Financial Analyst
Daniel,Payne,ericksonjason@example.com,1,Tax Specialist
Micheal,Washington,msalas@example.net,4,Financial Analyst
Madison,Olson,douglasmartin@example.net,4,Senior Accountant
Kelly,Mason,traciwilson@example.com,4,Intern
Benjamin,Yoder,wramirez@example.com,5,Manager
Jennifer,Pugh,ginamaddox@example.net,4,Senior Accountant
Samantha,Velez,mackmichael@example.org,4,HR Coordinator
Jack,Randall,sullivandaniel@example.net,1,Senior Accountant
Stacey,Conner,brianpeterson@example.net,5,Auditor
Rebecca,Schaefer,hkelly@example.com,4,Intern
Diamond,Roberts,jhernandez@example.org,2,Auditor
Pamela,Holloway,fernandezjennifer@example.org,1,HR Coordinator
Jerry,Fleming,victoria87@example.org,5,Senior Accountant
Teresa,Marshall,ppeterson@example.org,4,Manager
Alice,Vasquez,qsmith@example.org,3,Staff Accountant
Todd,Pratt,ericadaniels@example.com,5,Tax Specialist
Cody,Walker,millermichael@example.com,2,Tax Specialist
Darryl,Bailey,jasminemccoy@example.org,5,HR Coordinator
Katelyn,Pham,mmiller@example.org,1,Tax Specialist
Allen,Cole,kathrynlambert@example.com,4,Auditor
Pamela,Leonard,davidross@example.com,2,Intern
Michelle,Hawkins,cameron44@example.org,5,Senior Accountant
Joseph,Briggs,ujones@example.org,5,Auditor
Theresa,Burns,stewartrobert@example.com,1,Tax Specialist
Erica,George,sergiojohnson@example.org,3,HR Coordinator
Karen,Colon,brownlaura@example.org,4,HR Coordinator
Damon,Rodgers,maryfranco@example.net,4,Auditor
David,Cervantes,coreyrichardson@example.org,3,Auditor
Sheila,Rodgers,oturner@example.com,2,Tax Specialist
Sandra,Potter,ashleywhite@example.com,5,Manager
Richard,Donaldson,vwilliams@example.net,2,Auditor
Robert,Long,gallagherangela@example.com,3,Senior Accountant
Sarah,Martin,robinsonkathy@example.com,1,Senior Accountant
Krista,Liu,brittany39@example.org,1,Financial Analyst
Katherine,Casey,benjaminnelson@example.org,3,Tax Specialist
Joseph,Johnson,williamslucas@example.net,1,Tax Specialist
Beverly,Garrison,roymichael@example.net,2,Senior Accountant
Brittney,Richardson,schaefermelody@example.com,3,Senior Accountant
Kim,Campbell,zspencer@example.org,2,Auditor
Kathleen,Thomas,ewolfe@example.com,3,Manager
Kathy,Foley,paul24@example.com,4,Financial Analyst
David,Bennett,mburke@example.org,4,HR Coordinator
Austin,Pham,sergiowilson@example.com,2,Manager
Amanda,Barr,johnsonchristopher@example.net,1,Tax Specialist
Robert,Clements,ywright@example.com,3,Auditor
Tina,Byrd,loricampbell@example.com,2,Manager
Lindsey,Thomas,fergusonsara@example.net,5,Senior Accountant
Barry,Michael,carlsonsharon@example.net,5,Auditor
Tammy,Williams,kristen22@example.com,1,Senior Accountant
Daniel,Schultz,wallacejustin@example.com,3,Intern
Caitlin,Ramirez,davisallison@example.net,2,HR Coordinator
Caleb,Underwood,jjimenez@example.org,4,Intern
Jennifer,Morales,caitlin59@example.org,5,Tax Specialist
Nancy,Lawson,ibarnes@example.com,4,HR Coordinator
Amanda,Cortez,clarenceali@example.net,4,Auditor
Kara,Hale,alexander27@example.com,3,Financial Analyst
Francisco,Nicholson,brianerickson@example.net,5,Staff Accountant
Richard,Davis,ewilson@example.net,3,Financial Analyst
Brian,Lewis,sheila78@example.com,2,Auditor
Sherry,Chambers,shawnflores@example.org,2,Staff Accountant
Angela,Gibson,lawsonbrian@example.com,4,Manager
Patrick,Welch,nathan03@example.com,2,Senior Accountant
Michael,Hoffman,ortizmark@example.com,5,Financial Analyst
John,Rivera,johnstondestiny@example.net,1,Manager
Michael,Williams,richardlopez@example.org,4,Tax Specialist
Tammy,Bean,jason65@example.org,1,HR Coordinator
Daniel,Taylor,eschneider@example.com,2,Intern
Whitney,Johnson,jenniferrobles@example.net,5,Staff Accountant
Juan,Rivas,markstewart@example.org,2,Senior Accountant
Jennifer,Tucker,dwaynesilva@example.org,1,Tax Specialist
Rachel,Price,imorse@example.net,2,Tax Specialist
Antonio,Watson,kaitlyn44@example.com,4,Staff Accountant
Tyler,Richardson,nicholasodonnell@example.com,2,Tax Specialist
Troy,Shaw,josephhodges@example.net,2,Staff Accountant
Michael,Hall,romerotracy@example.org,2,Intern
Michelle,Robinson,wilsonjohnny@example.net,1,Senior Accountant
Brian,Reilly,bking@example.com,5,Intern
Bryan,Myers,abarnes@example.org,4,Tax Specialist
Jesus,Cox,allisonbrandon@example.org,5,Intern
Barbara,Washington,gwebster@example.net,2,Staff Accountant
Natalie,Green,kerryjones@example.org,5,Senior Accountant
Kimberly,Garza,david59@example.net,2,Senior Accountant
Richard,Durham,shane55@example.com,3,Auditor
Thomas,Davila,mccannmichael@example.com,5,Tax Specialist
Anna,Zuniga,gsheppard@example.com,4,Senior Accountant
Robert,Blackwell,wrightdavid@example.com,3,Financial Analyst
Javier,Hicks,victoriaking@example.net,3,Financial Analyst
Thomas,Weiss,ijones@example.net,5,Intern
Paul,Phillips,kerryharris@example.org,5,HR Coordinator
Nicole,Figueroa,michaelholland@example.com,5,Senior Accountant
John,Rios,leahmcgee@example.net,2,Staff Accountant
Jared,Jordan,olivia38@example.net,3,Staff Accountant
Michael,Davis,nicole97@example.net,4,Manager
Jessica,Gonzalez,seanpetty@example.com,3,HR Coordinator
Brittany,Alvarado,wagnerlindsey@example.net,3,Auditor
Timothy,Nguyen,jason68@example.com,3,HR Coordinator
Lori,Armstrong,spencerryan@example.org,3,Tax Specialist
Matthew,White,ljohnson@example.org,3,Financial Analyst
Robert,Ryan,craigpayne@example.com,3,Intern
Cristian,Lutz,wilsonaaron@example.com,4,Tax Specialist
Dwayne,Santiago,laura34@example.org,3,Financial Analyst
Tanya,Knight,vancejason@example.net,2,Tax Specialist
Jasmine,Webb,leslie12@example.net,2,Manager
Tony,Grant,patrick03@example.net,3,Tax Specialist
Michael,Haynes,gravesangela@example.net,2,Staff Accountant
Ashley,Lopez,fgomez@example.net,2,Tax Specialist
James,Valentine,ddavis@example.net,2,Tax Specialist
Sara,Stephenson,eric51@example.com,1,Auditor
Denise,Armstrong,bethany01@example.net,5,Staff Accountant
Amy,Garza,terrigraham@example.net,1,Tax Specialist
Mary,Krueger,brownmichael@example.com,5,Financial Analyst
James,Fleming,rgreen@example.com,3,Financial Analyst
Roberto,Sanchez,harrismark@example.net,5,Staff Accountant
Jessica,Huynh,vharvey@example.net,5,Financial Analyst
Katie,Guzman,josephleon@example.net,3,Manager
Heather,Anderson,stevenyoung@example.org,4,Staff Accountant
Richard,Daniel,tannertyler@example.org,2,Tax Specialist
Christina,Martinez,fmerritt@example.net,5,Manager
Lauren,Russell,nmiller@example.org,5,Auditor
Austin,Higgins,zcastillo@example.org,5,Financial Analyst
Elizabeth,Smith,ywarren@example.org,1,Staff Accountant
James,Fernandez,jonathan01@example.net,2,HR Coordinator
Carol,Salazar,ascott@example.net,2,Financial Analyst
Joshua,Mercer,lawrencecooley@example.org,2,Senior Accountant
Sandra,Smith,matthew17@example.com,2,Financial Analyst
Kelly,Phillips,alexanderrobert@example.org,2,Tax Specialist
Paul,Ruiz,rodrigueztyler@example.net,3,Financial Analyst
Kelly,Parker,pamelakelly@example.net,1,Manager
Kevin,Walker,joseph07@example.net,3,Manager
Robert,Johnson,conwayalexandra@example.net,1,Senior Accountant
Brian,Barnes,gregorythomas@example.com,3,Manager
Katherine,Brown,richardjensen@example.com,2,Staff Accountant
Christopher,Kemp,christysantiago@example.com,1,Senior Accountant
Nancy,Sanchez,juliebryant@example.com,5,Auditor
Harold,Jensen,monicagarcia@example.net,3,Auditor
Ashley,Miller,rzamora@example.com,3,Manager
Beverly,Strong,harrisantonio@example.com,4,Auditor
Robert,Winters,marquezstephanie@example.net,2,HR Coordinator
Dawn,Peterson,faustin@example.net,2,HR Coordinator
Victoria,Ayala,craigmichael@example.com,3,Intern
Travis,Sutton,serranojacob@example.com,2,Financial Analyst
Evelyn,Davis,samanthaholmes@example.net,5,Financial Analyst
Alicia,Anderson,huertajennifer@example.org,4,Manager
Eddie,Perry,kristahernandez@example.net,4,Financial Analyst
Monica,Ball,mcintyresara@example.org,1,Financial Analyst
Melissa,Santos,donna60@example.com,2,Intern
Javier,Ballard,richardhunter@example.net,4,Tax Specialist
Christopher,Yates,omoore@example.org,2,Tax Specialist
Laura,Carr,coreylowe@example.com,2,Tax Specialist
Larry,Dodson,bherrera@example.com,2,Intern
Mary,Brown,jamesacosta@example.net,2,Financial Analyst
Nicole,Taylor,andrewwise@example.com,2,Staff Accountant
Patricia,Ramsey,stevemeyer@example.org,5,Manager
Kelly,Robles,fbailey@example.net,3,Financial Analyst
Andrew,Wells,shannonriley@example.com,1,Senior Accountant
James,Finley,haleyvaldez@example.org,2,Senior Accountant
Christopher,Moran,orodriguez@example.net,2,HR Coordinator
Alexander,Douglas,ybryan@example.net,1,Manager
Richard,Sanchez,baileysheri@example.net,1,Auditor
Steven,Dawson,charles52@example.net,3,HR Coordinator
Brooke,Murillo,vhayes@example.net,3,Financial Analyst
Raymond,Duran,pstevens@example.net,4,Financial Analyst
Robert,Wilson,eriksmith@example.org,5,Financial Analyst
Brian,Downs,julielogan@example.org,2,Financial Analyst
Heather,Crosby,hansenmark@example.com,4,Manager
Lance,Ramsey,catherine37@example.org,2,Staff Accountant
Samantha,Graves,carlsonlouis@example.com,5,Senior Accountant
Amber,Ortiz,jonesanthony@example.com,1,Auditor
Lauren,Daniels,donnabond@example.org,2,Senior Accountant
Krystal,Ford,gregorybauer@example.net,3,Auditor
Mario,Williams,sandra16@example.org,1,Tax Specialist
Timothy,Johnson,bennettchristopher@example.com,5,Intern
Rachel,Wheeler,amy75@example.com,4,Financial Analyst
Theodore,Nelson,greensharon@example.net,5,Financial Analyst
Marcus,Bates,patricia53@example.com,4,HR Coordinator
Mary,Clark,haileymiller@example.org,5,Tax Specialist
Timothy,Brown,joseph98@example.org,5,Staff Accountant
Rebecca,Vega,castilloscott@example.com,3,Staff Accountant
Jennifer,Willis,amy87@example.org,5,Tax Specialist
Miguel,Norton,fjimenez@example.net,1,Tax Specialist
Martin,Wallace,ramireznatalie@example.org,3,Financial Analyst
Alexandra,Washington,michael48@example.org,2,Manager
Kathryn,Edwards,uhogan@example.net,3,Auditor
Michelle,Vargas,zcordova@example.com,2,HR Coordinator
Melissa,Evans,karen39@example.net,5,HR Coordinator
Scott,Luna,teresastout@example.net,2,Manager
Andrew,Carroll,xreed@example.org,1,Senior Accountant
Douglas,Huff,odonnellmatthew@example.com,1,HR Coordinator
Travis,Stephenson,michaelrichard@example.com,5,Senior Accountant
Margaret,Fischer,carrie94@example.net,3,Auditor
Kara,Lang,tammy00@example.com,5,Staff Accountant
Joanna,Sanchez,kingchristine@example.net,4,Auditor
Jessica,Ortiz,calvin71@example.net,5,HR Coordinator
Anthony,Raymond,waterschristina@example.net,2,Tax Specialist
Christopher,Davis,jenningsdaniel@example.com,3,HR Coordinator
Diana,Serrano,thomas84@example.net,5,Senior Accountant
Nicholas,Snyder,schultzkevin@example.org,3,Intern
Dorothy,Adams,alexandria64@example.com,3,Auditor
Tina,Scott,daniellepalmer@example.net,3,Manager
Misty,Ryan,amyvega@example.org,3,Staff Accountant
Ashley,Hernandez,jenniferterrell@example.org,4,Auditor
Jennifer,Payne,zreed@example.com,5,HR Coordinator
Diana,Gonzalez,lauren10@example.net,3,Financial Analyst
William,Marshall,tjackson@example.com,4,Staff Accountant
Curtis,Foster,melissaortega@example.org,2,Staff Accountant
Gerald,Flores,ycervantes@example.net,3,Tax Specialist
Tracy,Christian,warnerjames@example.com,3,Auditor
Diane,Fisher,williamandrade@example.net,3,Intern
Christine,Lozano,paula41@example.net,4,Manager
Jessica,Hill,pennyle@example.com,3,Manager
Damon,Gray,elizabeth04@example.net,2,Manager
Jeremy,Wolf,robertswilliam@example.net,1,Tax Specialist
John,Aguirre,edavis@example.net,3,Manager
Madison,Montgomery,sharvey@example.com,5,Staff Accountant
Katherine,Diaz,walkerjesse@example.org,4,Intern
Virginia,Gonzalez,bakerjames@example.net,1,Financial Analyst
Rhonda,White,melanie83@example.com,2,Senior Accountant
Mary,Chavez,sheliaboyd@example.net,5,Financial Analyst
Calvin,Ortega,stacy40@example.org,5,Staff Accountant
Timothy,Brown,jodysmall@example.org,2,Senior Accountant
Allison,Allen,kwallace@example.net,4,Staff Accountant
Eric,Wallace,scott75@example.org,1,Tax Specialist
Alyssa,Larson,karathomas@example.com,1,Tax Specialist
Kelly,Velasquez,williampruitt@example.net,3,Intern
Tiffany,Wilson,markmarshall@example.org,5,Senior Accountant
Tammy,Ortiz,henryvanessa@example.net,2,Financial Analyst
Jade,Robles,jacquelinejackson@example.com,4,Manager
David,Martin,ihopkins@example.net,2,Intern
Emily,Dawson,fisheredward@example.com,3,Tax Specialist
Julie,Parker,robertjones@example.net,4,Manager
Michelle,Young,wallsnicholas@example.com,2,Staff Accountant
Adam,Carr,melendezcynthia@example.com,2,Staff Accountant
Melissa,Evans,brittanyharris@example.org,2,HR Coordinator
Molly,Warner,michael72@example.org,3,Intern
David,Johnson,ckelly@example.net,5,Tax Specialist
Timothy,Nguyen,nrhodes@example.com,1,Staff Accountant
Christopher,Trujillo,zachary93@example.org,5,Intern
Rebecca,Hernandez,david47@example.net,2,Financial Analyst
Teresa,Hicks,asimmons@example.org,1,Senior Accountant
Kevin,Moreno,barnesmackenzie@example.com,5,Financial Analyst
Stephanie,Estrada,mthompson@example.com,2,Financial Analyst
Jennifer,Tanner,elizabeth51@example.net,4,Manager
Jesus,Rhodes,scottbernard@example.com,4,HR Coordinator
Beth,Herring,rebeccablair@example.net,3,Auditor
John,Lewis,rcurtis@example.org,3,Manager
Robert,Watson,gonzalezwayne@example.com,2,Manager
Hannah,Maldonado,monique30@example.net,3,Staff Accountant
Julie,Gray,mendozajoanna@example.com,3,Intern
Deborah,Sharp,ericrichards@example.net,4,HR Coordinator
Roger,Hernandez,adamschristine@example.org,4,Senior Accountant
David,Taylor,sheriwilson@example.net,1,Manager
Whitney,Rodriguez,qflowers@example.com,5,Manager
Sergio,Pruitt,courtney02@example.org,1,Intern
Cheryl,Dunn,sherry68@example.org,4,Senior Accountant
Cathy,Williams,hbowers@example.org,1,HR Coordinator
Amanda,Rubio,jennifersmith@example.net,4,Financial Analyst
David,Wilson,jamespitts@example.com,5,Senior Accountant
Jamie,Davies,pcunningham@example.net,1,Senior Accountant
Michael,Pacheco,darrendiaz@example.com,4,Financial Analyst
Micheal,Jacobs,whitezachary@example.org,3,Financial Analyst
William,Allen,timothyhall@example.net,3,Financial Analyst
Brandon,Weaver,megan81@example.net,5,Tax Specialist
Mary,Miller,ray22@example.org,3,HR Coordinator
Cody,Gillespie,victoria18@example.com,2,Auditor
Lauren,Butler,patriciahardin@example.net,2,Intern
Candice,Smith,usimon@example.com,3,Financial Analyst
Heidi,Ramirez,anna91@example.com,5,Senior Accountant
James,Hoffman,michaelhenry@example.net,3,Manager
Wanda,Harris,gayeric@example.org,3,HR Coordinator
James,Williams,josephmorales@example.net,4,Auditor
Andrea,Howard,jose76@example.net,4,Senior Accountant
Hunter,Stanton,brandonhicks@example.org,5,HR Coordinator
Briana,Stephenson,stewartthomas@example.net,5,Intern
Tamara,Rivera,henryjoseph@example.net,4,Auditor
Christopher,Aguilar,millsdean@example.com,5,Intern
Marcia,Alvarez,amanda11@example.net,5,Financial Analyst
Cameron,Huffman,valenzuelakaylee@example.com,5,Intern
Kelly,Larson,matthewrussell@example.org,3,Financial Analyst
Sarah,Ortiz,ericharris@example.net,3,Senior Accountant
Ricky,Morrow,lambertbruce@example.net,5,Senior Accountant
Virginia,Ellis,angela25@example.com,2,HR Coordinator
Mary,Kline,kevin93@example.org,5,HR Coordinator
Allison,Higgins,isaac61@example.net,4,Auditor
Deborah,Thomas,waltonteresa@example.com,5,Tax Specialist
Crystal,Jacobs,lindarobinson@example.net,1,Financial Analyst
Timothy,Griffin,brady30@example.com,5,Manager
Margaret,Thomas,nsmith@example.org,3,Financial Analyst
Rebecca,Clark,michelebutler@example.org,5,HR Coordinator
Jose,Patterson,harrisonshirley@example.org,1,Manager
Tiffany,Payne,annasmith@example.org,3,Auditor
James,Mejia,josewilliams@example.com,4,Tax Specialist
Shelby,Gonzalez,kimberly21@example.org,3,Financial Analyst
Karen,Cruz,leviwilliams@example.org,4,Manager
Michelle,Pierce,amandamcfarland@example.org,2,Tax Specialist
Zoe,Reyes,gallowaymichael@example.com,1,Tax Specialist
April,Foster,emilycole@example.com,3,Tax Specialist
Shannon,Raymond,youngtiffany@example.com,5,Tax Specialist
John,Clark,joe81@example.com,2,HR Coordinator
Mark,Cooley,laurataylor@example.net,2,Intern
Carlos,Ramirez,angelicawalker@example.org,1,Senior Accountant
Daniel,Warner,mark70@example.com,4,Tax Specialist
Cody,Jordan,marissa36@example.net,5,HR Coordinator
Sandra,Lopez,martinangela@example.com,4,Tax Specialist
William,Byrd,seanclark@example.com,1,Intern
Catherine,Davis,luisarnold@example.com,2,Tax Specialist
Jason,Woods,katrina03@example.net,5,Manager
Jennifer,Long,katherine59@example.org,4,Manager
Wanda,Fernandez,marcmorris@example.org,1,Senior Accountant
Michael,Dean,nicholas80@example.org,1,HR Coordinator
Jamie,Walker,steven31@example.net,3,Auditor
Breanna,Whitaker,melissa52@example.org,1,Financial Analyst
Julie,Underwood,brendansummers@example.net,2,Senior Accountant
Ryan,Gordon,jonathancole@example.net,2,Financial Analyst
Patrick,Wells,stokestimothy@example.com,5,HR Coordinator
Stephanie,Hill,lisa00@example.net,5,Manager
Robert,Ramirez,william11@example.com,5,HR Coordinator
Lauren,Blankenship,tiffanyduran@example.net,3,Manager
Cynthia,Sawyer,cbyrd@example.org,4,Auditor
Samuel,Anderson,sharonbrowning@example.net,5,Tax Specialist
Brandi,Gomez,pettylee@example.net,3,Tax Specialist
Mark,Mitchell,christina20@example.com,2,Intern
Anita,Hughes,vanessasanchez@example.com,5,HR Coordinator
Richard,Singh,kgonzalez@example.org,5,Tax Specialist
Jonathan,Schroeder,anna99@example.net,4,Intern
Mark,Santana,amy00@example.com,5,Intern
Sharon,Thomas,bryan95@example.org,5,Senior Accountant
Timothy,Chen,anthony44@example.net,4,Financial Analyst
Elizabeth,Martin,kathleenlewis@example.net,3,Tax Specialist
Brandon,Peters,christinehenderson@example.org,2,Manager
Joseph,Henderson,newtonmegan@example.net,5,HR Coordinator
Taylor,Howard,james76@example.org,5,Financial Analyst
Ronnie,Nelson,gail42@example.com,3,Financial Analyst
Amy,Payne,william15@example.org,3,Manager
Ryan,Myers,feliciafrank@example.org,4,Manager
Susan,Wood,anthony22@example.net,1,Manager
Angela,Shepherd,dreed@example.com,3,Manager
Susan,Martinez,freemanjoshua@example.com,5,Intern
Sharon,Molina,kristencollins@example.net,1,Tax Specialist
Connor,Novak,thompsonsabrina@example.com,1,Senior Accountant
Brandon,Potts,pcooley@example.net,5,Manager
Carlos,Burch,raymondross@example.org,4,Auditor
Richard,Hayes,cassandrahendrix@example.org,3,HR Coordinator
Gregory,Morales,anna45@example.net,1,Intern
Krista,Barnes,lowerydana@example.net,5,Financial Analyst
Amy,Johnson,amandafreeman@example.org,4,Financial Analyst
Joseph,Bauer,michael40@example.com,4,HR Coordinator
Nicholas,Castillo,leonardpatrick@example.com,5,Manager
Samuel,Lopez,stephanie48@example.net,1,Auditor
Andrea,Hill,sclark@example.com,4,Intern
Danielle,Smith,mccoyrobert@example.org,4,Intern
Annette,Espinoza,william42@example.com,1,Manager
Gerald,Hughes,jordanjill@example.com,5,Senior Accountant
Barbara,Strickland,joysmith@example.com,1,Auditor
Ana,Morrison,masonkristen@example.com,4,HR Coordinator
Regina,Hansen,eschwartz@example.org,1,Intern
Steven,Bradley,shawn99@example.com,5,Intern
Melissa,Young,richsabrina@example.com,4,Tax Specialist
Adam,Mcguire,michael29@example.net,3,Intern
Grant,Davidson,valerieestrada@example.com,5,Staff Accountant
Tiffany,Williams,hickmanrobert@example.net,1,Manager
Lindsay,Lewis,patrick27@example.org,5,Intern
Sheena,Floyd,thall@example.net,5,Senior Accountant
Jennifer,Bailey,dwoods@example.org,4,Staff Accountant
Leslie,Ryan,bmatthews@example.org,2,Staff Accountant
Christopher,Ortiz,cody08@example.net,1,Auditor
Robert,Miller,wagnerdavid@example.com,3,Tax Specialist
Jack,Patel,dustin09@example.com,4,Senior Accountant
Alexandria,Thompson,vlang@example.com,3,Auditor
Zoe,Gay,mary08@example.org,4,Tax Specialist
James,Taylor,michellecarter@example.com,3,Tax Specialist
Colin,Johnson,jeffrey77@example.org,4,Staff Accountant
Regina,Erickson,nperez@example.com,1,Auditor
Gregory,Myers,kstephenson@example.org,1,Manager
Katherine,Sullivan,hstrickland@example.net,1,Manager
Melanie,Wright,danielcampbell@example.net,4,Manager
John,Hunter,kelly25@example.com,3,Auditor
John,Rogers,ogibson@example.net,5,HR Coordinator
Andrew,Figueroa,robersonlisa@example.org,4,HR Coordinator
Jeffery,Ramirez,kari85@example.com,3,Auditor
Brittany,Bailey,bryanharris@example.net,2,Financial Analyst
Mark,Martin,michaelharris@example.com,5,Financial Analyst
Michael,Kelley,brianmcintyre@example.com,5,Manager
Colin,Thomas,vwolfe@example.org,3,Manager
James,Colon,laurenarnold@example.com,4,HR Coordinator
Eric,Mullen,emily64@example.com,4,Senior Accountant
Jack,Sanchez,ryan21@example.com,1,HR Coordinator
David,Williams,marybean@example.org,4,Intern
Luke,Walton,john62@example.org,3,Staff Accountant
Russell,Bush,joshuameyer@example.com,1,Manager
Tammy,Young,samuel79@example.com,1,Auditor
Robert,Sweeney,jennifer19@example.net,2,Staff Accountant
Katherine,Gonzalez,jessetaylor@example.net,5,Tax Specialist
Megan,Simpson,michael50@example.net,5,Senior Accountant
Brenda,Morgan,summerjohnson@example.net,2,Manager
Renee,Bowman,christianmorgan@example.com,2,Auditor
Sara,Hendrix,whitejennifer@example.com,1,HR Coordinator
James,Garcia,victorhale@example.net,1,Manager
Elizabeth,Davis,chavezbrittany@example.net,4,Financial Analyst
Jenna,Morgan,singhsamuel@example.org,3,Manager
Laura,Gardner,allenmegan@example.net,4,Senior Accountant
Karen,Lewis,jonathancook@example.net,1,Auditor
Troy,Mcgee,derrickcolon@example.org,2,Financial Analyst
Lisa,Alvarez,johnny08@example.com,4,Manager
Brittany,Wilson,anitavelez@example.com,5,Intern
Jennifer,Mason,thomaskevin@example.org,2,Staff Accountant
Thomas,Lewis,cmcdonald@example.com,1,Intern
Mark,Underwood,briangarcia@example.com,2,Tax Specialist
Robert,Russell,walkerjoshua@example.com,2,Manager
Daniel,Sherman,johnstondavid@example.net,4,Auditor
April,Rivera,nwilliams@example.net,5,Tax Specialist
Kevin,Williams,jacobblack@example.com,2,Intern
Cory,Jackson,efloyd@example.com,2,Financial Analyst
Douglas,Potts,pamela87@example.org,4,Financial Analyst
Cheryl,Morris,khansabrina@example.com,5,Intern
Helen,Sexton,tgray@example.org,3,Manager
Mario,Thomas,mtorres@example.net,2,Auditor
Renee,Stewart,goodmankimberly@example.com,2,Staff Accountant
David,Taylor,qhernandez@example.org,1,Intern
Hector,Williams,sarahwilliams@example.org,5,Auditor
Jonathan,Bailey,coopergregory@example.net,1,Manager
Tyler,Young,bthomas@example.com,3,Financial Analyst
Corey,Smith,michelle69@example.org,1,Staff Accountant
David,Lowery,williamsonstacey@example.org,4,Staff Accountant
Alyssa,Jones,meganbaker@example.org,1,Auditor
Jerry,Morris,sanchezjack@example.org,3,Tax Specialist
Cody,Spears,brenda18@example.net,1,Intern
Kathy,Reyes,yjones@example.org,2,HR Coordinator
Desiree,Avery,xmiller@example.org,2,Tax Specialist
Danielle,Young,joannetucker@example.com,4,Manager
Jacqueline,Diaz,allisonbenjamin@example.com,2,Manager
Alejandra,Hall,william52@example.net,3,Senior Accountant
Rebecca,Charles,brian98@example.com,1,Senior Accountant
Roberta,Jones,floydshirley@example.net,1,Financial Analyst
Andrew,Wyatt,erica18@example.net,3,Manager
Tanya,White,jacksonanna@example.com,5,HR Coordinator
Allison,Richardson,ortizjacqueline@example.net,5,Auditor
Jennifer,Brady,westmichael@example.net,2,Auditor
Jennifer,Ortega,bondjose@example.com,3,Staff Accountant
Emma,Hall,daviskelly@example.com,5,Intern
Christopher,Moore,catherinewilliams@example.org,1,Intern
Lucas,Young,shawchristian@example.net,3,Staff Accountant
Jimmy,Campbell,davidgerald@example.net,1,Tax Specialist
Kristine,Kline,vincentjones@example.net,3,Intern
Anthony,Rivera,juliecrawford@example.net,3,Financial Analyst
Susan,Davis,warddaniel@example.net,3,HR Coordinator
Andrew,Jackson,ubishop@example.net,3,Manager
Jonathan,Oliver,martha25@example.net,4,HR Coordinator
Erica,Cameron,sramos@example.com,5,Manager
Kevin,Ramirez,amack@example.com,5,Intern
Erin,Bolton,craigallen@example.com,3,Senior Accountant
Diane,Hayes,christopherbauer@example.net,3,Staff Accountant
Leroy,Smith,yespinoza@example.net,2,Tax Specialist
Logan,Lewis,wileyanthony@example.org,5,Senior Accountant
Mark,Johnson,robinsonkyle@example.net,4,Intern
Roy,Diaz,scottdorothy@example.net,2,Senior Accountant
Zachary,Pratt,kimwilson@example.org,5,Staff Accountant
John,Rodriguez,jenkinsdonald@example.com,3,HR Coordinator
Jessica,Spencer,rjordan@example.net,2,Intern
Ray,Perez,uclark@example.org,2,Staff Accountant
Melissa,Erickson,lrogers@example.net,4,Manager
Kristi,Ball,steven85@example.com,2,Intern
Jasmine,Grant,bakerdiana@example.org,2,Senior Accountant
Miguel,Walker,youngcody@example.org,2,Financial Analyst
Nicholas,Moore,sharvey@example.org,2,Manager
Melanie,Allen,kathyanderson@example.org,1,Financial Analyst
Alexander,Jacobs,smithrachel@example.org,3,Financial Analyst
Sara,Johnson,fhayes@example.net,2,Financial Analyst
Bianca,Jennings,wallsteven@example.org,4,Auditor
Kayla,Nielsen,sarapage@example.net,1,HR Coordinator
Shelby,Shepherd,charlesbrown@example.org,1,HR Coordinator
Kenneth,Wilson,randallvictoria@example.org,2,Auditor
Shaun,Livingston,rogerscott@example.com,1,Senior Accountant
Sean,Contreras,jennifer21@example.org,5,Senior Accountant
Mark,Garcia,lisa93@example.net,4,Auditor
Emily,Chen,kevinbrown@example.net,2,Auditor
Pamela,Ellis,tmiller@example.com,2,Auditor
Kimberly,Martinez,virginiabonilla@example.com,4,Staff Accountant
Susan,Moreno,becky18@example.net,5,Auditor
Matthew,Trujillo,nelsonkimberly@example.net,4,Manager
Karen,Edwards,stevenreyes@example.net,4,Financial Analyst
Ariana,Anderson,markwalker@example.net,4,Auditor
Erika,Jackson,shawncarney@example.com,3,Auditor
Christian,Hall,shudson@example.org,1,Tax Specialist
Gregory,Rosario,antoniojohnson@example.org,2,Manager
James,Walker,stephanie01@example.com,1,Tax Specialist
Mariah,Vega,garybrown@example.net,3,Senior Accountant
Lauren,Oneill,colemichelle@example.net,5,Financial Analyst
Ryan,Reynolds,tylerjackson@example.net,2,Tax Specialist
William,Gray,keithjackson@example.org,1,Intern
Mitchell,Williams,bowenwilliam@example.org,2,Financial Analyst
William,Hanson,ymartin@example.org,3,Financial Analyst
Rachel,Santiago,angela09@example.org,3,Auditor
Michelle,King,jacobstanley@example.org,2,Financial Analyst
Larry,Scott,kgraves@example.net,4,Auditor
Miguel,Chung,juliehernandez@example.com,5,Auditor
Johnny,Jones,heather18@example.net,5,Auditor
Patrick,Young,tmorris@example.com,3,Senior Accountant
Matthew,Williams,cory86@example.net,1,Intern
Kathryn,Allen,pthomas@example.net,5,HR Coordinator
Edward,Shannon,woodrandy@example.com,5,Intern
Marcus,Singh,tdouglas@example.net,4,HR Coordinator
James,Hunter,ashley67@example.com,1,Manager
Gerald,Ryan,kgarrett@example.net,4,Financial Analyst
Luis,Cherry,evelasquez@example.net,4,Manager
Karen,James,poneill@example.org,2,Staff Accountant
Joshua,Hayes,caitlin03@example.net,4,Staff Accountant
Laura,Adams,maria63@example.com,2,Tax Specialist
Michelle,Macias,ecox@example.org,5,Auditor
Derrick,Moore,hpeterson@example.org,5,Auditor
Melissa,Mathews,melissadixon@example.net,5,Staff Accountant
Denise,Henry,dianemclaughlin@example.net,3,Senior Accountant
Mark,Martin,jenniferchavez@example.com,5,HR Coordinator
Linda,Gillespie,goldenanthony@example.com,2,Staff Accountant
Barbara,Price,evanscarla@example.com,4,Staff Accountant
Joe,Montoya,mcdonalderika@example.org,1,HR Coordinator
Amanda,Montgomery,anthonynguyen@example.org,3,Financial Analyst
Vickie,French,jasonzavala@example.net,1,Intern
Jesse,Price,barbarasmith@example.net,3,Auditor
Emily,Wright,ywebster@example.com,5,Financial Analyst
Nicole,French,joshuaellis@example.net,5,Intern
Matthew,Quinn,jilltrujillo@example.com,2,Senior Accountant
Dominique,Miller,nbaker@example.com,2,Financial Analyst
Peggy,Mason,tyler65@example.com,2,Staff Accountant
Cynthia,Baird,robertsjeremy@example.net,5,Auditor
Scott,Garcia,jeffreymartin@example.net,3,Tax Specialist
David,Foster,zandrews@example.com,2,Auditor
Elizabeth,Clark,mcdonalddennis@example.com,1,Staff Accountant
Nicole,Leach,ashleyvaldez@example.net,3,Senior Accountant
Steve,Fuentes,matthew52@example.net,2,HR Coordinator
Richard,Wiggins,rachel86@example.org,2,Financial Analyst
Paula,Smith,rogersdanielle@example.com,5,Staff Accountant
Kenneth,Salazar,davidmartinez@example.org,5,Auditor
Eric,Juarez,troy20@example.net,4,Intern
Victoria,Davis,youngwilliam@example.org,5,Senior Accountant
Tyler,Sutton,kleinpatricia@example.net,5,Manager
Kristin,Williams,janet15@example.net,4,Intern
Jeffrey,Fletcher,racheljones@example.com,1,HR Coordinator
Jeffery,Thompson,nelsonmike@example.net,1,Intern
Zachary,Middleton,benjamin73@example.org,3,Financial Analyst
Heather,Huerta,xsmith@example.org,3,HR Coordinator
Ian,Clarke,russellporter@example.com,3,Tax Specialist
Justin,Anderson,gomezjohn@example.org,4,Tax Specialist
Kyle,Underwood,michaelpowell@example.com,3,Senior Accountant
Amanda,Martin,corey74@example.net,1,Auditor
Amanda,Mcconnell,tracy58@example.org,4,Financial Analyst
Matthew,Reyes,jeffreymitchell@example.net,5,Financial Analyst
Austin,Gomez,stevensims@example.net,5,Auditor
Samuel,Green,tammy23@example.net,4,Tax Specialist
Jasmine,Edwards,mendozabradley@example.org,4,Senior Accountant
Leslie,Crawford,sanchezkathleen@example.com,1,Staff Accountant
Danielle,Kennedy,jcamacho@example.org,5,Tax Specialist
Julian,Martinez,gwalton@example.org,3,Manager
Shane,Hurley,ricedavid@example.net,4,Auditor
Nicole,Olsen,jessica66@example.net,1,Manager
Timothy,Carr,kelleylawrence@example.net,1,HR Coordinator
Kathleen,Pineda,martinezangela@example.net,4,HR Coordinator
Larry,Gibson,emma74@example.org,2,Staff Accountant
Robert,Smith,sara52@example.com,1,Tax Specialist
Susan,Martinez,kendragarcia@example.org,2,Auditor
Samantha,Owens,pmartin@example.com,1,Intern
Michael,Reed,richardshaw@example.com,2,Intern
Felicia,Mann,kevinoliver@example.org,4,Staff Accountant
Shawn,Baker,matthewleonard@example.net,1,Staff Accountant
Richard,Burton,tricia20@example.net,2,Financial Analyst
Robert,Conway,sarahweber@example.net,1,Staff Accountant
Elizabeth,Parrish,cruzalexander@example.net,3,Staff Accountant
Kyle,Lewis,rriley@example.org,3,Manager
Peter,Phillips,xkelly@example.org,3,Auditor
Elizabeth,Wolf,cliffordpatterson@example.com,4,HR Coordinator
Derrick,Carroll,charleswilliams@example.com,4,Intern
Joshua,Rodriguez,teresa82@example.net,1,Senior Accountant
Stanley,Murphy,ochang@example.net,2,Auditor
Terrence,Davis,hannahjoseph@example.com,2,Senior Accountant
Dean,Stanley,imartin@example.org,4,Intern
Melissa,Miller,mitchellkathleen@example.org,5,Senior Accountant
John,Byrd,dwayne23@example.com,4,Senior Accountant
Patricia,Berry,lbarron@example.org,2,Intern
Randy,Montes,vbarber@example.org,2,Intern
Walter,Prince,amandasimmons@example.net,3,Manager
Clinton,Thompson,sherridavis@example.com,1,Auditor
Megan,Anderson,danielle04@example.com,5,Senior Accountant
Jennifer,Li,dpugh@example.org,5,Staff Accountant
Maria,Allen,ashley69@example.net,3,HR Coordinator
Katherine,Ashley,gracebuck@example.org,2,Staff Accountant
Andrea,Phillips,davidhall@example.com,5,Tax Specialist
Mario,Levy,ramirezhailey@example.com,5,Tax Specialist
William,Hughes,schneidersarah@example.org,5,Tax Specialist
Melinda,Howell,rroy@example.org,5,Financial Analyst
Michael,Davis,michaelmatthews@example.com,3,Staff Accountant
Jessica,Byrd,lori25@example.org,2,Tax Specialist
Shawn,Farrell,ldennis@example.com,5,Intern
Daniel,Doyle,william82@example.net,1,Financial Analyst
Mario,Miller,rwong@example.org,3,Senior Accountant
Angela,Barnes,david89@example.net,1,Intern
Jeremy,Holt,seth19@example.net,3,Auditor
Anthony,Oneal,ylane@example.com,5,Intern
Marie,Davis,bduncan@example.org,1,Senior Accountant
Sandra,Travis,patricklucas@example.org,4,Manager
Jordan,Dennis,robertpoole@example.com,3,Auditor
Shannon,Jones,ewarren@example.org,5,Senior Accountant
Melanie,Martinez,thomasthompson@example.net,3,Intern
Joshua,Waters,abigailwright@example.net,2,Auditor
Michelle,Kennedy,haustin@example.org,5,HR Coordinator
Michelle,Banks,estesnicole@example.org,3,Tax Specialist
Bryan,Johnson,cjohnson@example.org,4,Financial Analyst
Jennifer,Jones,aford@example.com,3,Senior Accountant
Brandy,Reyes,ashleydaniels@example.net,5,Intern
Mark,Mahoney,xjohnson@example.org,3,Staff Accountant
Marcus,Fuentes,greenneil@example.org,5,Tax Specialist
Ross,Chan,mhughes@example.org,1,Senior Accountant
Julia,Torres,ugarcia@example.org,3,Financial Analyst
Daniel,Peterson,vcardenas@example.net,2,HR Coordinator
Matthew,Peterson,kimberlykirk@example.com,5,Staff Accountant
Julie,Hays,youngtimothy@example.com,4,Senior Accountant
Nathaniel,Woods,rmurray@example.org,1,Auditor
Rebecca,Howard,tharvey@example.org,4,Staff Accountant
Austin,Howell,faith42@example.org,3,Financial Analyst
Aaron,Jimenez,beckjason@example.com,2,Intern
Melanie,Weaver,yangstephanie@example.com,5,Intern
Laura,Johnson,nhays@example.org,2,HR Coordinator
Tom,Phillips,udrake@example.org,4,Senior Accountant
Connie,Bennett,greenchad@example.com,5,Staff Accountant
Sabrina,Dickerson,dayrobert@example.com,2,Senior Accountant
Tanya,Wood,debrasweeney@example.net,4,Staff Accountant
Sara,Henry,floresjay@example.com,5,Tax Specialist
Cindy,Chang,benjamin38@example.com,2,Tax Specialist
Christian,Ramirez,nriley@example.org,3,Auditor
Amy,Rose,lmurphy@example.net,1,HR Coordinator
Amy,Harrison,torreskevin@example.org,4,Auditor
Steven,Powell,nguyenlori@example.org,2,Staff Accountant
Lauren,Mathis,heatherevans@example.com,1,Staff Accountant
Joseph,Robbins,sray@example.net,1,HR Coordinator
Gina,Lopez,tsmith@example.org,4,Auditor
David,Caldwell,christopher60@example.com,3,Tax Specialist
Henry,Durham,rmcgee@example.net,3,Senior Accountant
Shawn,Garcia,cody64@example.net,1,Auditor
Richard,Turner,parkdawn@example.com,2,Financial Analyst
Monica,Jackson,lisajones@example.com,2,Tax Specialist
Joseph,Oneal,schaeferbenjamin@example.net,1,Auditor
Robert,Brown,spencermelissa@example.net,2,Intern
Mark,Case,gonzalezsharon@example.net,2,Staff Accountant
Melissa,Esparza,cheryl87@example.com,1,Financial Analyst
Steven,Lewis,tabitha10@example.org,4,Staff Accountant
Christine,Rivers,fjohnson@example.com,1,HR Coordinator
Heather,Howard,vlove@example.com,3,Staff Accountant
Jill,Orozco,kimberlyhudson@example.com,3,Manager
Alyssa,Jarvis,jacksonbrian@example.net,1,Auditor
Nancy,Gill,darrellcervantes@example.org,1,Staff Accountant
William,Green,tina88@example.org,3,Staff Accountant
Margaret,Fisher,theresa85@example.net,4,Manager
Jody,Jackson,nlawson@example.net,3,Senior Accountant
Dale,Moss,jlarsen@example.com,2,Tax Specialist
Mark,Cruz,cynthia03@example.org,5,Manager
Maria,Turner,randylittle@example.com,3,Manager
Erin,Jefferson,jeremiahkennedy@example.net,1,Financial Analyst
John,Hall,qguerrero@example.org,3,Staff Accountant
Robert,Jones,melinda20@example.org,2,Senior Accountant
Susan,Robinson,william78@example.net,3,Tax Specialist
Erika,Simmons,hannahhall@example.org,5,Manager
Tiffany,Pope,fuentesbrent@example.net,1,HR Coordinator
Mario,Guzman,cassandra47@example.net,1,Manager
Jerry,Finley,joshua38@example.org,2,Financial Analyst
Carol,Ward,taylornancy@example.org,2,Financial Analyst
Alex,Bautista,pierceerin@example.com,3,Auditor
David,Silva,howard14@example.net,2,Manager
Gabriela,Benjamin,michael16@example.net,4,Financial Analyst
Alicia,Anderson,valdezalbert@example.org,1,Staff Accountant
Mason,Smith,villarrealjessica@example.org,2,Tax Specialist
Brian,Miller,fmiles@example.org,5,Manager
Tyler,Mills,ljohnson@example.com,3,HR Coordinator
Paula,Rivera,romerokathleen@example.net,1,Manager
Jonathan,Brown,katie32@example.org,4,Manager
Rachel,Phillips,daniel09@example.org,3,Auditor
Janet,Carrillo,zhangheather@example.net,2,Manager
Donald,Guzman,keith18@example.org,1,Manager
Gabriel,White,caitlin17@example.net,3,Auditor
Bryan,Craig,buchanancheryl@example.com,1,Financial Analyst
Shawn,Luna,rsims@example.org,1,Staff Accountant
Elizabeth,Webb,fstevenson@example.org,3,Financial Analyst
Troy,Smith,amandabowen@example.net,3,Financial Analyst
Mary,Evans,collinsclayton@example.com,3,Staff Accountant
Vicki,Schneider,richard32@example.com,5,Financial Analyst
Jennifer,Ware,johnstonsarah@example.net,1,Intern
Craig,Gilbert,rhodeskayla@example.net,2,Auditor
Joseph,Stevens,joseph15@example.org,3,Financial Analyst
Erica,Alexander,dwaynewilliams@example.org,5,Intern
Danny,Parker,maxwell94@example.org,4,Financial Analyst
Leonard,Caldwell,garciamichelle@example.org,3,Staff Accountant
Omar,Campbell,xmorrison@example.org,4,Manager
Kimberly,Stevens,elizabeth04@example.org,5,Auditor
Valerie,Hill,vnorris@example.net,2,Manager
Kimberly,Kane,monicaschwartz@example.org,2,Staff Accountant
Donna,Robertson,bryanhughes@example.net,3,Tax Specialist
Anthony,Singleton,jonathandaniels@example.org,1,Auditor
Anthony,Morales,taylorjonathan@example.org,4,Intern
Sheila,Noble,edurham@example.org,2,Auditor
Charles,Ramirez,ycastillo@example.org,5,Staff Accountant
Ricky,Griffin,hfranklin@example.net,4,Staff Accountant
Cheyenne,Arnold,wrightmichelle@example.com,1,Financial Analyst
Ian,Smith,scottveronica@example.net,3,Financial Analyst
Harold,Jones,sandra58@example.com,4,Staff Accountant
Matthew,Smith,jennifer21@example.net,1,Intern
Destiny,Douglas,velasquezleslie@example.net,5,Senior Accountant
Andrew,Bishop,michellewalsh@example.com,4,Auditor
Joanne,Johnson,jsaunders@example.org,3,Manager
Tammie,Andersen,paul72@example.org,2,Financial Analyst
Paula,Quinn,uvasquez@example.net,4,Senior Accountant
Christine,Carroll,evankelly@example.com,2,Senior Accountant
Donald,Perez,jessicadennis@example.org,2,Auditor
Jason,Espinoza,jgilbert@example.org,1,HR Coordinator
Jonathan,Miller,aalvarez@example.net,5,Financial Analyst
Walter,Parks,wbryant@example.com,2,Tax Specialist
Jeffrey,Myers,linda54@example.com,2,Intern
Jon,Vazquez,judithcampos@example.com,4,Staff Accountant
Heather,Carter,hallmichael@example.net,2,Auditor
Christina,Williams,weaverkyle@example.org,2,Financial Analyst
Craig,Owen,wgonzales@example.net,4,Auditor
Megan,Perry,walter49@example.com,4,Manager
Christopher,Barker,julia51@example.net,3,Tax Specialist
Alexander,Watson,imoore@example.org,4,Senior Accountant
John,Williams,hillthomas@example.com,3,Auditor
Michael,Dyer,christopher41@example.net,4,Tax Specialist
Kathryn,Espinoza,vstanley@example.com,1,Intern
Tamara,Hall,websterashley@example.net,1,Staff Accountant
Desiree,Torres,millerkimberly@example.org,2,HR Coordinator
Sandra,Mcdaniel,murillowendy@example.org,5,Financial Analyst
Donna,Robinson,allendawn@example.com,5,Auditor
Eric,Henderson,david16@example.com,5,Auditor
Carla,King,palmerchristian@example.com,1,Senior Accountant
William,Shaffer,davisamanda@example.net,3,Tax Specialist
Jonathan,Rowland,mfleming@example.com,5,Senior Accountant
Joseph,Rosario,lcarr@example.org,3,Auditor
Michael,Ramirez,jimmyherman@example.net,2,Intern
Jamie,Bond,jgonzales@example.com,2,Intern
Teresa,Jimenez,paulholt@example.net,3,HR Coordinator
Brenda,Ruiz,lynchanna@example.com,2,Senior Accountant
Kevin,Reynolds,andersonkelly@example.net,1,Manager
Michelle,Roberts,jennifer97@example.net,1,Senior Accountant
Thomas,Ward,rbrown@example.com,2,Financial Analyst
Morgan,Walls,qramsey@example.net,4,Tax Specialist
Benjamin,Dawson,urobinson@example.net,5,Staff Accountant
Megan,Villanueva,connerbrian@example.org,1,Manager
Cynthia,Knight,zarellano@example.com,4,Staff Accountant
Robert,Hawkins,cameronmelton@example.org,3,Auditor
Anthony,Boone,klowe@example.com,1,Staff Accountant
Troy,Schroeder,kyle26@example.org,1,Senior Accountant
Anna,Barry,lindaanderson@example.org,4,Intern
Catherine,Wilson,qerickson@example.net,5,Intern
Kyle,Jackson,glenn83@example.com,3,Manager
Holly,Carter,davilalisa@example.net,3,Tax Specialist
Zachary,Chandler,gregory74@example.org,4,Intern
Kimberly,Martinez,markdalton@example.net,4,Financial Analyst
Caleb,Stephenson,thomasalvarado@example.com,1,Intern
Eric,Odonnell,bjohnson@example.com,1,Intern
Justin,Taylor,jasonstephens@example.net,3,Financial Analyst
Paul,Ortiz,timothyrivas@example.com,1,Staff Accountant
James,Jimenez,lanejoshua@example.org,3,HR Coordinator
Julie,Ferguson,gcarter@example.com,5,Financial Analyst
Christopher,Gomez,justin19@example.net,5,Auditor
Chad,Arias,zfernandez@example.com,2,Intern
James,Johnson,gordonjames@example.com,4,Auditor
Laura,Gray,evargas@example.net,4,Senior Accountant
Richard,Wiggins,veronicajohnson@example.org,2,Financial Analyst
Catherine,Castro,angelahunter@example.net,1,Tax Specialist
Scott,Lewis,denisechapman@example.net,1,Manager
Justin,Good,asmith@example.net,4,Intern
Sarah,Ellis,alexis83@example.com,5,Tax Specialist
Ronald,Hampton,haydenpatricia@example.org,2,Auditor
Diana,Warren,hillkevin@example.org,3,Manager
Darrell,Walker,wwillis@example.org,2,Staff Accountant
Denise,Vasquez,wrogers@example.org,2,Senior Accountant
Alyssa,Myers,carolynwright@example.net,1,Auditor
John,Johnson,karlaramos@example.org,5,Senior Accountant
Daniel,Nelson,cbarnes@example.org,1,Staff Accountant
Sharon,Miller,porterdavid@example.net,3,HR Coordinator
Marie,Gutierrez,mlyons@example.com,2,Manager
Christopher,Olson,hodgekimberly@example.com,4,HR Coordinator
Stephanie,Stewart,burkeandrew@example.org,4,Auditor
William,Gonzalez,stonemorgan@example.org,2,Financial Analyst
Curtis,Nixon,pwolfe@example.org,1,HR Coordinator
Stephanie,Randall,ashleeriley@example.com,2,Tax Specialist
Bruce,Morris,kristinasavage@example.org,2,Senior Accountant
Dylan,Roberts,jacobray@example.org,5,Intern
Garrett,Moss,awalsh@example.com,4,Staff Accountant
Daniel,Diaz,richard64@example.net,1,Senior Accountant
Seth,Vasquez,lisawilliams@example.org,4,Auditor
Eric,Phillips,donald84@example.com,5,Financial Analyst
Robert,Taylor,hwilliams@example.net,2,Financial Analyst
Ronald,Pugh,kruegervincent@example.com,5,Manager
Andrew,Wright,hollythompson@example.com,4,Financial Analyst
Kevin,Snow,irwinjoseph@example.net,3,Auditor
Cameron,Houston,greg78@example.com,2,Staff Accountant
Rebekah,Hill,fieldsaaron@example.com,3,Staff Accountant
Courtney,Walsh,bfoster@example.com,5,Financial Analyst
Alejandro,Hunter,esilva@example.org,1,Tax Specialist
Jonathan,Fuentes,emckee@example.org,2,Auditor
Evan,Campbell,collinsmicheal@example.com,4,Manager
Brian,Chen,copelandchristopher@example.org,5,Staff Accountant
Michael,Lam,kinglatoya@example.org,2,Senior Accountant
Susan,Ortiz,porternathan@example.net,2,Auditor
Matthew,Lyons,tiffanylittle@example.com,1,Intern
Stephanie,Brewer,david84@example.net,4,HR Coordinator
Mark,Collins,xortiz@example.org,4,Tax Specialist
John,Fletcher,gabriel73@example.net,1,Tax Specialist
Deborah,Friedman,joshua54@example.org,3,Financial Analyst
Christopher,Velasquez,thomasjenkins@example.com,1,Intern
Jennifer,Alvarado,jacobrobinson@example.org,3,Auditor
Vanessa,Lawson,dhenderson@example.org,5,Senior Accountant
Laurie,Campbell,hughesandrea@example.com,4,Manager
Randy,Conner,xmurphy@example.com,4,Staff Accountant
Jeffrey,Rivas,martinezbradley@example.net,5,HR Coordinator
Erin,Matthews,rodriguezstacey@example.net,3,Staff Accountant
Samantha,Andrews,stewartgregory@example.com,3,Senior Accountant
Abigail,Shaffer,ronald29@example.net,4,Manager
Christina,Tucker,lisa48@example.net,4,Manager
Jason,Garcia,mary84@example.net,3,Tax Specialist
Scott,Mccoy,ifields@example.com,3,Financial Analyst
Jimmy,Ellis,lee39@example.com,5,Senior Accountant
Reginald,Santos,aclark@example.org,2,Auditor
Kyle,Burns,brandon12@example.com,5,Auditor
Kathryn,West,kaylawilliams@example.net,3,HR Coordinator
Philip,Ali,jill80@example.org,1,Financial Analyst
John,Evans,bryangarcia@example.net,2,Staff Accountant
Daniel,Humphrey,lmontoya@example.org,1,Auditor
Brenda,Lopez,allenrobert@example.org,1,Staff Accountant
Elizabeth,Osborne,matthewayers@example.net,3,Tax Specialist
Henry,Morgan,fyoung@example.com,4,Manager
Jasmine,Davis,lisatorres@example.org,2,Financial Analyst
Alex,Brock,dcarrillo@example.org,2,Intern
Mary,Torres,qwagner@example.org,3,Auditor
Cameron,Wilson,dylan79@example.org,2,Manager
Mark,Hanna,uscott@example.org,2,Auditor
Morgan,Underwood,davidhowell@example.com,3,Tax Specialist
Johnny,Jensen,chill@example.org,1,Auditor
Melissa,Evans,martinezcassandra@example.com,1,Financial Analyst
Christopher,Robertson,robertroberts@example.net,3,Intern
Caroline,Hendrix,amy38@example.net,4,Auditor
Wendy,Lewis,jeffery45@example.net,1,Financial Analyst
Steven,Burns,loganolson@example.com,5,Senior Accountant
Scott,Fry,kristi40@example.net,2,Tax Specialist
Katherine,Gardner,henryhenderson@example.net,5,Staff Accountant
Mariah,Parsons,kayla87@example.net,5,Auditor
Cameron,Caldwell,sholt@example.com,4,Financial Analyst
Patrick,Price,gregory21@example.net,3,Manager
Diane,Hebert,shawnmoore@example.com,3,HR Coordinator
Jesse,Robles,michael19@example.com,4,Senior Accountant
Katherine,Hoffman,tammy58@example.com,5,Auditor
Michael,Michael,jamesbennett@example.com,2,HR Coordinator
Kelsey,Pruitt,oswanson@example.com,5,Senior Accountant
Maria,Cardenas,maria13@example.net,2,Financial Analyst
Lisa,Griffin,igarza@example.org,5,Manager
Rebecca,Baxter,whodge@example.com,5,Intern
Linda,Hudson,lhall@example.com,5,Staff Accountant
Abigail,Stark,cunninghampaul@example.com,2,Auditor
Amber,Smith,kpowell@example.org,2,HR Coordinator
Sharon,Cook,martinwolfe@example.net,4,Senior Accountant
Kelsey,Sanchez,tara75@example.net,2,Tax Specialist
Robert,Sanders,ogonzalez@example.org,3,Manager
Rebecca,Watts,cathy41@example.com,3,Financial Analyst
Anna,Johnson,mcampbell@example.org,4,Intern
Daniel,Hayes,greenbenjamin@example.com,4,Staff Accountant
Crystal,Stokes,luis53@example.org,2,Tax Specialist
Kimberly,Skinner,angela33@example.net,4,HR Coordinator
Allen,George,david33@example.org,5,Intern
Sarah,Sullivan,tammyrosales@example.net,5,Auditor
Richard,Flores,rowlandangela@example.net,4,Manager
James,Brady,fmartinez@example.com,5,Intern
Andrew,Martinez,nhoward@example.com,4,HR Coordinator
Louis,Vasquez,trevormiller@example.com,3,Auditor
Kim,Morris,jasminezavala@example.com,5,HR Coordinator
Danielle,Martin,davidhenry@example.com,1,Intern
Michael,Cooper,jennifer34@example.net,1,Tax Specialist
Katrina,Dudley,anngarcia@example.com,2,Tax Specialist
Randy,Mathews,mistylane@example.org,3,Intern
Joseph,Davis,johnsontroy@example.org,1,Manager
Teresa,Guzman,josephwatkins@example.com,5,Auditor
Melanie,King,kelseyjackson@example.org,4,Senior Accountant
Robert,Patterson,tstewart@example.net,5,Intern
Elizabeth,Clark,mary46@example.com,1,Intern
Cathy,Robbins,bcruz@example.com,5,Tax Specialist
Allen,Hendrix,lnelson@example.net,3,Intern
Robert,Jackson,bryancross@example.net,1,HR Coordinator
Thomas,Townsend,michele83@example.org,3,Manager
Mark,Gonzalez,jeffreyroberts@example.net,5,Senior Accountant
Brenda,Stephens,danielberry@example.org,2,Manager
Kimberly,Hale,townsendjessica@example.net,2,Auditor
Phillip,Potts,olsongavin@example.com,1,Staff Accountant
Christopher,Williams,larsondouglas@example.org,5,Manager
Randy,Wright,nunezvanessa@example.com,4,Tax Specialist
Danielle,Beltran,karlachambers@example.org,4,Auditor
Morgan,Abbott,tcasey@example.org,5,Auditor
Ryan,Campbell,william71@example.org,1,Financial Analyst
Rachel,Liu,kmercado@example.com,5,Manager
Michael,Harris,reidkimberly@example.org,4,Staff Accountant
Michael,Silva,emilydiaz@example.net,5,Financial Analyst
Paul,Winters,umoss@example.com,2,Tax Specialist
Victoria,Torres,nicole85@example.org,3,Staff Accountant
Michael,Jones,castillochristopher@example.net,4,Manager
LeBron, James, lebron@buffalo.edu, 6, Director of IT
Kurian, Vadakara, kurianva@buffalo.edu, 6, Associate
Krish, Puwar, krishpuw@buffalo.edu, 6, Associate
Josh, Allen, joshallen1@buffalo.edu, 6, Associate
Lamar, Jackson, lamarjack1@buffalo.edu, 6, Associate
